# s_m; t_s; ax_mps2; ay_mps2; atot_mps2
0.0; 0.000; 0.326; 0.001; 0.326
3.0; 0.095; 0.324; 0.000; 0.324
6.0; 0.190; 0.323; 0.000; 0.323
9.0; 0.285; 0.321; 0.000; 0.321
12.0; 0.379; 0.320; 0.000; 0.320
15.0; 0.474; 0.318; 0.000; 0.318
18.0; 0.568; 0.317; 0.000; 0.317
21.0; 0.663; 0.315; 0.000; 0.315
24.0; 0.757; 0.314; 0.000; 0.314
27.0; 0.851; 0.312; 0.000; 0.312
30.0; 0.945; 0.311; 0.000; 0.311
33.0; 1.039; 0.309; 0.000; 0.309
36.0; 1.133; 0.308; 0.000; 0.308
39.0; 1.227; 0.307; 0.000; 0.307
42.0; 1.321; 0.305; 0.000; 0.305
45.0; 1.415; 0.304; 0.000; 0.304
48.0; 1.508; 0.302; 0.000; 0.302
51.0; 1.602; 0.301; 0.000; 0.301
54.0; 1.695; 0.300; 0.000; 0.300
57.0; 1.789; 0.298; 0.000; 0.298
60.0; 1.882; 0.297; 0.000; 0.297
63.0; 1.975; 0.296; 0.000; 0.296
66.0; 2.068; 0.294; 0.000; 0.294
69.0; 2.161; 0.293; 0.000; 0.293
72.0; 2.254; 0.291; 0.000; 0.291
75.0; 2.347; 0.290; 0.000; 0.290
78.0; 2.440; 0.289; 0.000; 0.289
81.0; 2.533; 0.287; 0.000; 0.287
84.0; 2.626; 0.286; 0.000; 0.286
87.0; 2.718; 0.285; 0.000; 0.285
90.0; 2.811; 0.284; 0.000; 0.284
93.0; 2.903; 0.282; 0.000; 0.282
96.0; 2.995; 0.281; 0.000; 0.281
99.0; 3.088; 0.280; 0.000; 0.280
102.0; 3.180; 0.278; 0.000; 0.278
105.0; 3.272; 0.277; 0.000; 0.277
108.0; 3.364; 0.276; 0.000; 0.276
111.0; 3.456; 0.275; 0.000; 0.275
114.0; 3.548; 0.273; 0.000; 0.273
117.0; 3.640; 0.272; 0.000; 0.272
120.0; 3.732; 0.271; 0.000; 0.271
123.0; 3.824; 0.269; 0.000; 0.269
126.0; 3.915; 0.268; 0.000; 0.268
129.0; 4.007; 0.267; 0.000; 0.267
132.0; 4.098; 0.266; 0.000; 0.266
135.0; 4.190; 0.265; 0.000; 0.265
138.0; 4.281; 0.263; 0.000; 0.263
141.0; 4.372; 0.262; 0.000; 0.262
144.0; 4.464; 0.261; 0.000; 0.261
147.0; 4.555; 0.260; 0.000; 0.260
150.0; 4.646; 0.259; 0.000; 0.259
153.0; 4.737; 0.257; 0.000; 0.257
156.0; 4.828; 0.256; 0.000; 0.256
159.0; 4.919; 0.255; 0.000; 0.255
162.0; 5.010; 0.254; 0.000; 0.254
165.0; 5.101; 0.253; 0.000; 0.253
168.0; 5.191; 0.251; 0.000; 0.251
171.0; 5.282; 0.250; 0.000; 0.250
174.0; 5.373; 0.249; 0.000; 0.249
177.0; 5.463; 0.248; 0.000; 0.248
180.0; 5.554; 0.247; 0.000; 0.247
183.0; 5.644; 0.246; 0.000; 0.246
186.0; 5.734; 0.245; 0.000; 0.245
189.0; 5.825; 0.244; 0.000; 0.244
192.0; 5.915; 0.242; 0.000; 0.242
195.0; 6.005; 0.241; 0.000; 0.241
198.0; 6.095; 0.240; 0.000; 0.240
201.0; 6.185; 0.239; 0.000; 0.239
204.0; 6.275; 0.238; 0.000; 0.238
207.0; 6.365; 0.237; 0.000; 0.237
210.0; 6.455; 0.236; 0.000; 0.236
213.0; 6.545; 0.235; 0.000; 0.235
216.0; 6.635; 0.234; 0.000; 0.234
219.0; 6.725; 0.233; 0.000; 0.233
222.0; 6.814; 0.231; 0.000; 0.231
225.0; 6.904; 0.230; 0.000; 0.230
228.0; 6.993; 0.229; 0.000; 0.229
231.0; 7.083; 0.228; 0.000; 0.228
234.0; 7.172; 0.227; 0.000; 0.227
237.0; 7.262; 0.226; 0.000; 0.226
240.0; 7.351; 0.225; 0.000; 0.225
243.0; 7.440; 0.224; 0.000; 0.224
246.0; 7.530; 0.223; 0.000; 0.223
249.0; 7.619; 0.222; 0.000; 0.222
252.0; 7.708; 0.221; 0.000; 0.221
255.0; 7.797; 0.220; 0.000; 0.220
258.0; 7.886; 0.219; 0.000; 0.219
261.0; 7.975; 0.218; 0.000; 0.218
264.0; 8.064; 0.217; 0.000; 0.217
267.0; 8.153; 0.216; 0.000; 0.216
270.0; 8.242; 0.215; 0.000; 0.215
273.0; 8.330; 0.214; 0.000; 0.214
276.0; 8.419; 0.213; 0.000; 0.213
279.0; 8.508; 0.212; 0.000; 0.212
282.0; 8.596; 0.211; 0.000; 0.211
285.0; 8.685; 0.210; 0.000; 0.210
288.0; 8.774; 0.209; 0.000; 0.209
291.0; 8.862; 0.208; 0.000; 0.208
294.0; 8.950; 0.207; 0.000; 0.207
297.0; 9.039; 0.206; 0.000; 0.206
300.0; 9.127; 0.205; 0.000; 0.205
303.0; 9.215; 0.204; 0.000; 0.204
306.0; 9.304; 0.203; 0.000; 0.203
309.0; 9.392; 0.203; 0.000; 0.203
312.0; 9.480; 0.202; 0.000; 0.202
315.0; 9.568; 0.201; 0.000; 0.201
318.0; 9.656; 0.200; 0.001; 0.200
321.0; 9.744; 0.199; 0.001; 0.199
324.0; 9.832; 0.198; 0.001; 0.198
327.0; 9.920; 0.197; 0.001; 0.197
330.0; 10.008; 0.196; 0.001; 0.196
333.0; 10.096; 0.195; 0.001; 0.195
336.0; 10.184; 0.194; 0.001; 0.194
339.0; 10.271; 0.193; 0.001; 0.193
342.0; 10.359; 0.192; 0.001; 0.192
345.0; 10.447; 0.192; 0.001; 0.192
348.0; 10.534; 0.191; 0.001; 0.191
351.0; 10.622; 0.190; 0.001; 0.190
354.0; 10.709; 0.189; 0.001; 0.189
357.0; 10.797; 0.188; 0.001; 0.188
360.0; 10.884; 0.187; 0.001; 0.187
363.0; 10.972; 0.186; 0.002; 0.186
366.0; 11.059; 0.186; 0.002; 0.186
369.0; 11.146; 0.185; 0.002; 0.185
372.0; 11.234; 0.184; 0.002; 0.184
375.0; 11.321; 0.183; 0.002; 0.183
378.0; 11.408; 0.182; 0.002; 0.182
381.0; 11.495; 0.181; 0.003; 0.181
384.0; 11.582; 0.180; 0.003; 0.180
387.0; 11.669; 0.180; 0.003; 0.180
390.0; 11.756; 0.179; 0.003; 0.179
393.0; 11.843; 0.178; 0.004; 0.178
396.0; 11.930; 0.177; 0.004; 0.177
399.0; 12.017; 0.176; 0.004; 0.176
402.0; 12.104; 0.176; 0.005; 0.176
405.0; 12.191; 0.175; 0.005; 0.175
408.0; 12.278; 0.174; 0.006; 0.174
411.0; 12.365; 0.173; 0.006; 0.173
414.0; 12.451; 0.172; 0.007; 0.172
417.0; 12.538; 0.172; 0.008; 0.172
420.0; 12.625; 0.171; 0.009; 0.171
423.0; 12.711; 0.170; 0.010; 0.170
426.0; 12.798; 0.169; 0.011; 0.170
429.0; 12.885; 0.168; 0.012; 0.169
432.0; 12.971; 0.168; 0.014; 0.168
435.0; 13.058; 0.167; 0.015; 0.168
438.0; 13.144; 0.166; 0.017; 0.167
441.0; 13.231; 0.165; 0.019; 0.166
444.0; 13.317; 0.165; 0.022; 0.166
447.0; 13.403; 0.164; 0.025; 0.166
450.0; 13.490; 0.163; 0.028; 0.165
453.0; 13.576; 0.162; 0.032; 0.165
456.0; 13.662; 0.162; 0.036; 0.166
459.0; 13.748; 0.161; 0.041; 0.166
462.0; 13.835; 0.160; 0.047; 0.167
465.0; 13.921; 0.159; 0.054; 0.168
468.0; 14.007; 0.159; 0.062; 0.170
471.0; 14.093; 0.158; 0.071; 0.173
474.0; 14.179; 0.157; 0.081; 0.177
477.0; 14.265; 0.156; 0.094; 0.182
480.0; 14.351; 0.156; 0.107; 0.189
483.0; 14.437; 0.155; 0.123; 0.198
486.0; 14.522; 0.154; 0.142; 0.209
489.0; 14.608; 0.153; 0.163; 0.224
492.0; 14.694; 0.153; 0.186; 0.241
495.0; 14.780; 0.152; 0.213; 0.262
498.0; 14.865; 0.151; 0.243; 0.287
501.0; 14.951; 0.150; 0.277; 0.315
504.0; 15.036; 0.150; 0.315; 0.348
507.0; 15.122; 0.149; 0.356; 0.386
510.0; 15.207; 0.148; 0.401; 0.427
513.0; 15.293; 0.147; 0.449; 0.473
516.0; 15.378; 0.146; 0.500; 0.521
519.0; 15.464; 0.145; 0.554; 0.572
522.0; 15.549; 0.144; 0.608; 0.625
525.0; 15.635; 0.143; 0.662; 0.677
528.0; 15.720; 0.142; 0.713; 0.727
531.0; 15.805; 0.141; 0.759; 0.772
534.0; 15.891; 0.140; 0.797; 0.809
537.0; 15.976; 0.140; 0.822; 0.834
540.0; 16.061; 0.139; 0.830; 0.842
543.0; 16.147; 0.138; 0.815; 0.827
546.0; 16.232; 0.138; 0.771; 0.784
549.0; 16.317; 0.138; 0.690; 0.704
552.0; 16.402; 0.138; 0.564; 0.581
555.0; 16.488; 0.138; 0.384; 0.408
558.0; 16.573; 0.138; 0.139; 0.196
561.0; 16.658; 0.137; -0.179; 0.226
564.0; 16.744; 0.135; -0.579; 0.595
567.0; 16.829; 0.131; -1.068; 1.076
570.0; 16.914; 0.122; -1.648; 1.652
573.0; 17.000; -1.782; -2.322; 2.927
576.0; 17.086; -4.850; -3.052; 5.730
579.0; 17.173; -7.524; -3.809; 8.433
582.0; 17.263; -8.189; -4.554; 9.371
585.0; 17.354; -7.363; -5.322; 9.085
588.0; 17.448; -6.457; -6.055; 8.852
591.0; 17.543; -5.626; -6.631; 8.696
594.0; 17.639; -4.955; -7.021; 8.594
597.0; 17.738; -4.464; -7.260; 8.522
600.0; 17.838; -4.130; -7.391; 8.467
603.0; 17.939; -3.917; -7.456; 8.422
606.0; 18.042; -3.787; -7.480; 8.384
609.0; 18.146; -3.707; -7.482; 8.350
612.0; 18.251; -3.656; -7.472; 8.319
615.0; 18.358; -3.621; -7.456; 8.289
618.0; 18.466; -3.594; -7.438; 8.260
621.0; 18.576; -3.570; -7.418; 8.232
624.0; 18.686; -3.067; -7.423; 8.032
627.0; 18.797; -1.289; -7.506; 7.616
630.0; 18.908; -1.290; -7.511; 7.621
633.0; 19.018; -1.288; -7.510; 7.620
636.0; 19.128; -0.563; -7.468; 7.490
639.0; 19.237; -0.064; -7.441; 7.441
642.0; 19.345; -0.064; -7.442; 7.442
645.0; 19.454; -0.063; -7.444; 7.444
648.0; 19.562; -0.063; -7.444; 7.445
651.0; 19.670; -0.062; -7.444; 7.445
654.0; 19.779; -0.061; -7.444; 7.444
657.0; 19.887; -0.060; -7.444; 7.444
660.0; 19.995; -0.059; -7.444; 7.444
663.0; 20.103; -0.058; -7.443; 7.444
666.0; 20.212; -0.057; -7.443; 7.443
669.0; 20.320; -0.056; -7.443; 7.443
672.0; 20.429; -0.054; -7.442; 7.443
675.0; 20.538; -0.053; -7.442; 7.442
678.0; 20.646; -0.052; -7.441; 7.441
681.0; 20.755; -0.050; -7.440; 7.441
684.0; 20.864; -0.048; -7.439; 7.440
687.0; 20.972; -0.046; -7.438; 7.438
690.0; 21.081; -0.044; -7.437; 7.437
693.0; 21.189; -0.042; -7.436; 7.436
696.0; 21.298; -0.040; -7.434; 7.434
699.0; 21.406; -0.038; -7.432; 7.432
702.0; 21.515; -0.036; -7.430; 7.430
705.0; 21.624; -0.033; -7.428; 7.428
708.0; 21.733; -0.031; -7.426; 7.426
711.0; 21.842; -0.029; -7.423; 7.423
714.0; 21.952; -0.026; -7.420; 7.420
717.0; 22.062; -0.023; -7.416; 7.416
720.0; 22.172; -0.020; -7.413; 7.413
723.0; 22.283; -0.017; -7.408; 7.408
726.0; 22.394; -0.014; -7.403; 7.403
729.0; 22.507; -0.011; -7.398; 7.398
732.0; 22.620; -0.007; -7.392; 7.392
735.0; 22.734; -0.003; -7.385; 7.385
738.0; 22.849; 0.001; -7.376; 7.376
741.0; 22.964; 0.006; -7.367; 7.367
744.0; 23.078; 0.010; -7.356; 7.356
747.0; 23.193; 0.016; -7.344; 7.344
750.0; 23.308; 0.022; -7.329; 7.329
753.0; 23.422; 0.028; -7.312; 7.312
756.0; 23.537; 0.035; -7.292; 7.292
759.0; 23.652; 0.043; -7.268; 7.268
762.0; 23.767; 0.051; -7.239; 7.239
765.0; 23.882; 0.061; -7.204; 7.204
768.0; 23.997; 0.072; -7.162; 7.162
771.0; 24.112; 0.084; -7.109; 7.110
774.0; 24.227; 0.099; -7.044; 7.045
777.0; 24.342; 0.115; -6.964; 6.965
780.0; 24.458; 0.133; -6.866; 6.867
783.0; 24.573; 0.152; -6.752; 6.753
786.0; 24.687; 0.171; -6.628; 6.631
789.0; 24.802; 0.187; -6.514; 6.516
792.0; 24.917; 0.200; -6.414; 6.417
795.0; 25.031; 0.211; -6.321; 6.324
798.0; 25.145; 0.222; -6.230; 6.234
801.0; 25.259; 0.232; -6.138; 6.142
804.0; 25.373; 0.242; -6.043; 6.048
807.0; 25.486; 0.252; -5.946; 5.951
810.0; 25.600; 0.262; -5.844; 5.850
813.0; 25.713; 0.272; -5.740; 5.746
816.0; 25.825; 0.282; -5.632; 5.639
819.0; 25.938; 0.291; -5.521; 5.529
822.0; 26.050; 0.300; -5.408; 5.417
825.0; 26.162; 0.310; -5.293; 5.302
828.0; 26.274; 0.318; -5.176; 5.185
831.0; 26.385; 0.327; -5.057; 5.068
834.0; 26.496; 0.335; -4.938; 4.950
837.0; 26.606; 0.342; -4.819; 4.831
840.0; 26.717; 0.350; -4.700; 4.713
843.0; 26.827; 0.357; -4.582; 4.596
846.0; 26.937; 0.363; -4.465; 4.479
849.0; 27.046; 0.369; -4.349; 4.365
852.0; 27.155; 0.375; -4.236; 4.252
855.0; 27.264; 0.380; -4.124; 4.142
858.0; 27.372; 0.385; -4.016; 4.034
861.0; 27.480; 0.389; -3.911; 3.930
864.0; 27.588; 0.393; -3.808; 3.829
867.0; 27.696; 0.397; -3.710; 3.731
870.0; 27.803; 0.400; -3.615; 3.637
873.0; 27.910; 0.402; -3.524; 3.547
876.0; 28.017; 0.405; -3.437; 3.461
879.0; 28.123; 0.407; -3.354; 3.379
882.0; 28.229; 0.409; -3.276; 3.301
885.0; 28.335; 0.410; -3.202; 3.228
888.0; 28.440; 0.411; -3.132; 3.159
891.0; 28.545; 0.412; -3.067; 3.095
894.0; 28.650; 0.413; -3.007; 3.035
897.0; 28.755; 0.413; -2.951; 2.979
900.0; 28.860; 0.414; -2.899; 2.928
903.0; 28.964; 0.414; -2.852; 2.882
906.0; 29.068; 0.413; -2.810; 2.840
909.0; 29.172; 0.413; -2.772; 2.803
912.0; 29.276; 0.412; -2.739; 2.770
915.0; 29.379; 0.412; -2.711; 2.742
918.0; 29.483; 0.411; -2.686; 2.718
921.0; 29.586; 0.409; -2.667; 2.698
924.0; 29.689; 0.408; -2.651; 2.682
927.0; 29.792; 0.407; -2.639; 2.670
930.0; 29.894; 0.405; -2.631; 2.662
933.0; 29.996; 0.404; -2.625; 2.656
936.0; 30.099; 0.402; -2.621; 2.652
939.0; 30.201; 0.401; -2.616; 2.646
942.0; 30.303; 0.399; -2.606; 2.636
945.0; 30.404; 0.398; -2.585; 2.615
948.0; 30.506; 0.398; -2.544; 2.575
951.0; 30.607; 0.398; -2.481; 2.513
954.0; 30.709; 0.398; -2.407; 2.440
957.0; 30.810; 0.399; -2.327; 2.361
960.0; 30.911; 0.400; -2.244; 2.280
963.0; 31.012; 0.400; -2.162; 2.198
966.0; 31.113; 0.400; -2.080; 2.118
969.0; 31.214; 0.401; -2.000; 2.040
972.0; 31.315; 0.401; -1.922; 1.964
975.0; 31.416; 0.401; -1.847; 1.890
978.0; 31.516; 0.400; -1.775; 1.819
981.0; 31.617; 0.400; -1.705; 1.751
984.0; 31.718; 0.400; -1.637; 1.685
987.0; 31.818; 0.399; -1.572; 1.622
990.0; 31.919; 0.398; -1.510; 1.562
993.0; 32.019; 0.398; -1.450; 1.503
996.0; 32.119; 0.397; -1.392; 1.448
999.0; 32.219; 0.396; -1.337; 1.395
1002.0; 32.319; 0.395; -1.284; 1.344
1005.0; 32.419; 0.394; -1.234; 1.295
1008.0; 32.519; 0.393; -1.185; 1.248
1011.0; 32.619; 0.392; -1.139; 1.204
1014.0; 32.718; 0.390; -1.094; 1.162
1017.0; 32.818; 0.389; -1.052; 1.121
1020.0; 32.917; 0.388; -1.011; 1.083
1023.0; 33.017; 0.387; -0.972; 1.046
1026.0; 33.116; 0.385; -0.935; 1.011
1029.0; 33.215; 0.384; -0.899; 0.978
1032.0; 33.314; 0.382; -0.865; 0.946
1035.0; 33.413; 0.381; -0.833; 0.916
1038.0; 33.511; 0.380; -0.802; 0.888
1041.0; 33.610; 0.378; -0.773; 0.860
1044.0; 33.708; 0.377; -0.745; 0.835
1047.0; 33.807; 0.375; -0.718; 0.810
1050.0; 33.905; 0.374; -0.693; 0.787
1053.0; 34.003; 0.372; -0.669; 0.766
1056.0; 34.101; 0.371; -0.646; 0.745
1059.0; 34.199; 0.369; -0.625; 0.726
1062.0; 34.297; 0.367; -0.604; 0.707
1065.0; 34.395; 0.366; -0.585; 0.690
1068.0; 34.493; 0.364; -0.567; 0.674
1071.0; 34.590; 0.363; -0.550; 0.659
1074.0; 34.687; 0.361; -0.533; 0.644
1077.0; 34.785; 0.360; -0.518; 0.631
1080.0; 34.882; 0.358; -0.504; 0.618
1083.0; 34.979; 0.356; -0.491; 0.607
1086.0; 35.076; 0.355; -0.478; 0.596
1089.0; 35.173; 0.353; -0.467; 0.585
1092.0; 35.270; 0.352; -0.456; 0.576
1095.0; 35.367; 0.350; -0.446; 0.567
1098.0; 35.463; 0.349; -0.437; 0.559
1101.0; 35.560; 0.347; -0.429; 0.552
1104.0; 35.656; 0.345; -0.422; 0.545
1107.0; 35.752; 0.344; -0.415; 0.539
1110.0; 35.848; 0.342; -0.410; 0.534
1113.0; 35.945; 0.341; -0.404; 0.529
1116.0; 36.041; 0.339; -0.400; 0.525
1119.0; 36.136; 0.338; -0.397; 0.521
1122.0; 36.232; 0.336; -0.394; 0.518
1125.0; 36.328; 0.335; -0.392; 0.515
1128.0; 36.424; 0.333; -0.391; 0.513
1131.0; 36.519; 0.332; -0.390; 0.512
1134.0; 36.614; 0.330; -0.390; 0.511
1137.0; 36.710; 0.329; -0.391; 0.511
1140.0; 36.805; 0.327; -0.393; 0.511
1143.0; 36.900; 0.326; -0.395; 0.512
1146.0; 36.995; 0.324; -0.398; 0.513
1149.0; 37.090; 0.322; -0.402; 0.516
1152.0; 37.185; 0.321; -0.407; 0.518
1155.0; 37.279; 0.319; -0.412; 0.522
1158.0; 37.374; 0.318; -0.419; 0.526
1161.0; 37.468; 0.317; -0.426; 0.530
1164.0; 37.562; 0.315; -0.433; 0.536
1167.0; 37.657; 0.314; -0.442; 0.542
1170.0; 37.751; 0.312; -0.452; 0.549
1173.0; 37.844; 0.311; -0.462; 0.557
1176.0; 37.938; 0.309; -0.473; 0.565
1179.0; 38.032; 0.308; -0.485; 0.574
1182.0; 38.125; 0.306; -0.498; 0.585
1185.0; 38.219; 0.305; -0.512; 0.595
1188.0; 38.312; 0.303; -0.526; 0.607
1191.0; 38.406; 0.302; -0.541; 0.619
1194.0; 38.499; 0.300; -0.556; 0.632
1197.0; 38.592; 0.299; -0.571; 0.644
1200.0; 38.685; 0.297; -0.585; 0.656
1203.0; 38.778; 0.296; -0.595; 0.665
1206.0; 38.871; 0.295; -0.601; 0.670
1209.0; 38.964; 0.293; -0.599; 0.667
1212.0; 39.057; 0.292; -0.589; 0.657
1215.0; 39.150; 0.291; -0.573; 0.642
1218.0; 39.242; 0.289; -0.555; 0.626
1221.0; 39.335; 0.288; -0.535; 0.608
1224.0; 39.428; 0.287; -0.515; 0.590
1227.0; 39.520; 0.286; -0.495; 0.572
1230.0; 39.612; 0.285; -0.476; 0.554
1233.0; 39.705; 0.283; -0.457; 0.537
1236.0; 39.797; 0.282; -0.438; 0.521
1239.0; 39.889; 0.281; -0.421; 0.506
1242.0; 39.981; 0.280; -0.404; 0.491
1245.0; 40.074; 0.279; -0.387; 0.477
1248.0; 40.166; 0.277; -0.372; 0.464
1251.0; 40.258; 0.276; -0.357; 0.451
1254.0; 40.349; 0.275; -0.342; 0.439
1257.0; 40.441; 0.274; -0.328; 0.427
1260.0; 40.533; 0.272; -0.315; 0.416
1263.0; 40.625; 0.271; -0.302; 0.406
1266.0; 40.717; 0.270; -0.290; 0.396
1269.0; 40.808; 0.269; -0.278; 0.387
1272.0; 40.900; 0.268; -0.267; 0.378
1275.0; 40.991; 0.266; -0.256; 0.369
1278.0; 41.083; 0.265; -0.246; 0.361
1281.0; 41.174; 0.264; -0.236; 0.354
1284.0; 41.265; 0.263; -0.226; 0.347
1287.0; 41.357; 0.262; -0.217; 0.340
1290.0; 41.448; 0.260; -0.208; 0.333
1293.0; 41.539; 0.259; -0.200; 0.327
1296.0; 41.630; 0.258; -0.191; 0.321
1299.0; 41.721; 0.257; -0.184; 0.316
1302.0; 41.812; 0.256; -0.176; 0.311
1305.0; 41.903; 0.255; -0.169; 0.306
1308.0; 41.994; 0.253; -0.162; 0.301
1311.0; 42.084; 0.252; -0.156; 0.296
1314.0; 42.175; 0.251; -0.149; 0.292
1317.0; 42.266; 0.250; -0.143; 0.288
1320.0; 42.356; 0.249; -0.137; 0.284
1323.0; 42.447; 0.248; -0.132; 0.281
1326.0; 42.537; 0.247; -0.126; 0.277
1329.0; 42.628; 0.245; -0.121; 0.274
1332.0; 42.718; 0.244; -0.116; 0.271
1335.0; 42.809; 0.243; -0.112; 0.268
1338.0; 42.899; 0.242; -0.107; 0.265
1341.0; 42.989; 0.241; -0.103; 0.262
1344.0; 43.079; 0.240; -0.099; 0.259
1347.0; 43.169; 0.239; -0.095; 0.257
1350.0; 43.259; 0.238; -0.091; 0.254
1353.0; 43.349; 0.237; -0.087; 0.252
1356.0; 43.439; 0.236; -0.083; 0.250
1359.0; 43.529; 0.234; -0.080; 0.248
1362.0; 43.619; 0.233; -0.077; 0.246
1365.0; 43.709; 0.232; -0.074; 0.244
1368.0; 43.798; 0.231; -0.071; 0.242
1371.0; 43.888; 0.230; -0.068; 0.240
1374.0; 43.977; 0.229; -0.065; 0.238
1377.0; 44.067; 0.228; -0.062; 0.236
1380.0; 44.156; 0.227; -0.060; 0.235
1383.0; 44.246; 0.226; -0.057; 0.233
1386.0; 44.335; 0.225; -0.055; 0.232
1389.0; 44.424; 0.224; -0.053; 0.230
1392.0; 44.514; 0.223; -0.051; 0.229
1395.0; 44.603; 0.222; -0.049; 0.227
1398.0; 44.692; 0.221; -0.047; 0.226
1401.0; 44.781; 0.220; -0.045; 0.224
1404.0; 44.870; 0.219; -0.043; 0.223
1407.0; 44.959; 0.218; -0.041; 0.222
1410.0; 45.048; 0.217; -0.039; 0.220
1413.0; 45.137; 0.216; -0.038; 0.219
1416.0; 45.226; 0.215; -0.036; 0.218
1419.0; 45.314; 0.214; -0.035; 0.217
1422.0; 45.403; 0.213; -0.033; 0.215
1425.0; 45.492; 0.212; -0.032; 0.214
1428.0; 45.580; 0.211; -0.031; 0.213
1431.0; 45.669; 0.210; -0.029; 0.212
1434.0; 45.757; 0.209; -0.028; 0.211
1437.0; 45.846; 0.208; -0.027; 0.210
1440.0; 45.934; 0.207; -0.026; 0.209
1443.0; 46.023; 0.206; -0.025; 0.208
1446.0; 46.111; 0.205; -0.024; 0.206
1449.0; 46.199; 0.204; -0.023; 0.205
1452.0; 46.288; 0.203; -0.022; 0.204
1455.0; 46.376; 0.202; -0.021; 0.203
1458.0; 46.464; 0.201; -0.020; 0.202
1461.0; 46.552; 0.200; -0.019; 0.201
1464.0; 46.640; 0.200; -0.018; 0.200
1467.0; 46.728; 0.199; -0.018; 0.199
1470.0; 46.816; 0.198; -0.017; 0.198
1473.0; 46.904; 0.197; -0.016; 0.197
1476.0; 46.992; 0.196; -0.016; 0.197
1479.0; 47.080; 0.195; -0.015; 0.196
1482.0; 47.167; 0.194; -0.014; 0.195
1485.0; 47.255; 0.193; -0.014; 0.194
1488.0; 47.343; 0.192; -0.013; 0.193
1491.0; 47.430; 0.191; -0.013; 0.192
1494.0; 47.518; 0.191; -0.012; 0.191
1497.0; 47.606; 0.190; -0.012; 0.190
1500.0; 47.693; 0.189; -0.011; 0.189
1503.0; 47.781; 0.188; -0.011; 0.188
1506.0; 47.868; 0.187; -0.010; 0.187
1509.0; 47.956; 0.186; -0.010; 0.186
1512.0; 48.043; 0.185; -0.009; 0.186
1515.0; 48.130; 0.184; -0.009; 0.185
1518.0; 48.217; 0.184; -0.009; 0.184
1521.0; 48.305; 0.183; -0.008; 0.183
1524.0; 48.392; 0.182; -0.008; 0.182
1527.0; 48.479; 0.181; -0.008; 0.181
1530.0; 48.566; 0.180; -0.007; 0.180
1533.0; 48.653; 0.179; -0.007; 0.180
1536.0; 48.740; 0.179; -0.007; 0.179
1539.0; 48.827; 0.178; -0.006; 0.178
1542.0; 48.914; 0.177; -0.006; 0.177
1545.0; 49.001; 0.176; -0.006; 0.176
1548.0; 49.088; 0.175; -0.006; 0.175
1551.0; 49.175; 0.175; -0.005; 0.175
1554.0; 49.262; 0.174; -0.005; 0.174
1557.0; 49.348; 0.173; -0.005; 0.173
1560.0; 49.435; 0.172; -0.005; 0.172
1563.0; 49.522; 0.171; -0.004; 0.171
1566.0; 49.609; 0.171; -0.004; 0.171
1569.0; 49.695; 0.170; -0.004; 0.170
1572.0; 49.782; 0.169; -0.004; 0.169
1575.0; 49.868; 0.168; -0.004; 0.168
1578.0; 49.955; 0.167; -0.004; 0.168
1581.0; 50.041; 0.167; -0.003; 0.167
1584.0; 50.128; 0.166; -0.003; 0.166
1587.0; 50.214; 0.165; -0.003; 0.165
1590.0; 50.300; 0.164; -0.003; 0.164
1593.0; 50.387; 0.164; -0.003; 0.164
1596.0; 50.473; 0.163; -0.003; 0.163
1599.0; 50.559; 0.162; -0.003; 0.162
1602.0; 50.646; 0.161; -0.003; 0.161
1605.0; 50.732; 0.161; -0.002; 0.161
1608.0; 50.818; 0.160; -0.002; 0.160
1611.0; 50.904; 0.159; -0.002; 0.159
1614.0; 50.990; 0.158; -0.002; 0.158
1617.0; 51.076; 0.158; -0.002; 0.158
1620.0; 51.162; 0.157; -0.002; 0.157
1623.0; 51.248; 0.156; -0.002; 0.156
1626.0; 51.334; 0.156; -0.002; 0.156
1629.0; 51.420; 0.155; -0.002; 0.155
1632.0; 51.506; 0.154; -0.002; 0.154
1635.0; 51.592; 0.153; -0.002; 0.153
1638.0; 51.678; 0.153; -0.001; 0.153
1641.0; 51.763; 0.152; -0.001; 0.152
1644.0; 51.849; 0.151; -0.001; 0.151
1647.0; 51.935; 0.151; -0.001; 0.151
1650.0; 52.021; 0.150; -0.001; 0.150
1653.0; 52.106; 0.149; -0.001; 0.149
1656.0; 52.192; 0.149; -0.001; 0.149
1659.0; 52.277; 0.148; -0.001; 0.148
1662.0; 52.363; 0.147; -0.001; 0.147
1665.0; 52.449; 0.147; -0.001; 0.147
1668.0; 52.534; 0.146; -0.001; 0.146
1671.0; 52.620; 0.145; -0.001; 0.145
1674.0; 52.705; 0.145; -0.001; 0.145
1677.0; 52.790; 0.144; -0.001; 0.144
1680.0; 52.876; 0.143; -0.001; 0.143
1683.0; 52.961; 0.143; -0.001; 0.143
1686.0; 53.046; 0.142; -0.001; 0.142
1689.0; 53.132; 0.141; -0.001; 0.141
1692.0; 53.217; 0.141; -0.001; 0.141
1695.0; 53.302; 0.140; -0.001; 0.140
1698.0; 53.387; 0.139; -0.001; 0.139
1701.0; 53.472; 0.139; -0.001; 0.139
1704.0; 53.558; 0.138; -0.000; 0.138
1707.0; 53.643; 0.137; -0.000; 0.137
1710.0; 53.728; 0.137; -0.000; 0.137
1713.0; 53.813; 0.136; -0.000; 0.136
1716.0; 53.898; 0.135; -0.000; 0.135
1719.0; 53.983; 0.135; -0.000; 0.135
1722.0; 54.068; 0.134; -0.000; 0.134
1725.0; 54.153; 0.134; -0.000; 0.134
1728.0; 54.238; 0.133; -0.000; 0.133
1731.0; 54.322; 0.132; -0.000; 0.132
1734.0; 54.407; 0.132; -0.000; 0.132
1737.0; 54.492; 0.131; -0.000; 0.131
1740.0; 54.577; 0.131; -0.000; 0.131
1743.0; 54.662; 0.130; -0.000; 0.130
1746.0; 54.746; 0.129; -0.000; 0.129
1749.0; 54.831; 0.129; -0.000; 0.129
1752.0; 54.916; 0.128; -0.000; 0.128
1755.0; 55.000; 0.128; -0.000; 0.128
1758.0; 55.085; 0.127; -0.000; 0.127
1761.0; 55.170; 0.126; -0.000; 0.126
1764.0; 55.254; 0.126; -0.000; 0.126
1767.0; 55.339; 0.125; -0.000; 0.125
1770.0; 55.423; 0.125; -0.000; 0.125
1773.0; 55.508; 0.124; -0.000; 0.124
1776.0; 55.592; 0.124; -0.000; 0.124
1779.0; 55.677; 0.123; -0.000; 0.123
1782.0; 55.761; 0.122; -0.000; 0.122
1785.0; 55.845; 0.122; -0.000; 0.122
1788.0; 55.930; 0.121; -0.000; 0.121
1791.0; 56.014; 0.121; -0.000; 0.121
1794.0; 56.098; 0.120; -0.000; 0.120
1797.0; 56.183; 0.120; -0.000; 0.120
1800.0; 56.267; 0.119; -0.000; 0.119
1803.0; 56.351; 0.119; -0.000; 0.119
1806.0; 56.435; 0.118; -0.000; 0.118
1809.0; 56.519; 0.117; -0.000; 0.117
1812.0; 56.604; 0.117; -0.000; 0.117
1815.0; 56.688; 0.116; -0.000; 0.116
1818.0; 56.772; 0.116; -0.000; 0.116
1821.0; 56.856; 0.115; -0.000; 0.115
1824.0; 56.940; 0.115; -0.000; 0.115
1827.0; 57.024; 0.114; 0.000; 0.114
1830.0; 57.108; 0.114; 0.000; 0.114
1833.0; 57.192; 0.113; 0.000; 0.113
1836.0; 57.276; 0.113; 0.000; 0.113
1839.0; 57.360; 0.112; 0.000; 0.112
1842.0; 57.444; 0.112; 0.000; 0.112
1845.0; 57.528; 0.111; 0.000; 0.111
1848.0; 57.612; 0.111; 0.000; 0.111
1851.0; 57.696; 0.110; 0.000; 0.110
1854.0; 57.780; 0.110; 0.000; 0.110
1857.0; 57.864; 0.109; 0.000; 0.109
1860.0; 57.947; 0.109; 0.000; 0.109
1863.0; 58.031; 0.108; 0.000; 0.108
1866.0; 58.115; 0.108; 0.000; 0.108
1869.0; 58.199; 0.107; 0.000; 0.107
1872.0; 58.283; 0.107; 0.000; 0.107
1875.0; 58.366; 0.106; 0.000; 0.106
1878.0; 58.450; 0.106; 0.000; 0.106
1881.0; 58.534; 0.105; 0.000; 0.105
1884.0; 58.618; 0.105; 0.000; 0.105
1887.0; 58.701; 0.104; 0.000; 0.104
1890.0; 58.785; 0.104; 0.000; 0.104
1893.0; 58.869; 0.103; 0.000; 0.103
1896.0; 58.952; 0.103; 0.000; 0.103
1899.0; 59.036; 0.102; 0.000; 0.102
1902.0; 59.119; 0.102; 0.000; 0.102
1905.0; 59.203; 0.101; 0.000; 0.101
1908.0; 59.287; 0.101; 0.000; 0.101
1911.0; 59.370; 0.100; 0.000; 0.100
1914.0; 59.454; 0.100; 0.000; 0.100
1917.0; 59.537; 0.099; 0.000; 0.099
1920.0; 59.621; 0.099; 0.000; 0.099
1923.0; 59.704; 0.099; 0.000; 0.099
1926.0; 59.787; 0.098; 0.000; 0.098
1929.0; 59.871; 0.098; 0.000; 0.098
1932.0; 59.954; 0.097; 0.000; 0.097
1935.0; 60.038; 0.097; 0.000; 0.097
1938.0; 60.121; 0.096; 0.000; 0.096
1941.0; 60.204; 0.096; 0.000; 0.096
1944.0; 60.288; 0.095; 0.000; 0.095
1947.0; 60.371; 0.095; 0.000; 0.095
1950.0; 60.454; 0.095; 0.000; 0.095
1953.0; 60.538; 0.094; 0.000; 0.094
1956.0; 60.621; 0.094; 0.000; 0.094
1959.0; 60.704; 0.093; 0.000; 0.093
1962.0; 60.787; 0.093; 0.000; 0.093
1965.0; 60.871; 0.092; 0.000; 0.092
1968.0; 60.954; 0.092; 0.000; 0.092
1971.0; 61.037; 0.092; 0.000; 0.092
1974.0; 61.120; 0.091; 0.000; 0.091
1977.0; 61.203; 0.091; 0.000; 0.091
1980.0; 61.286; 0.090; 0.000; 0.090
1983.0; 61.369; 0.090; 0.000; 0.090
1986.0; 61.453; 0.089; 0.000; 0.089
1989.0; 61.536; 0.089; 0.000; 0.089
1992.0; 61.619; 0.089; 0.000; 0.089
1995.0; 61.702; 0.088; 0.000; 0.088
1998.0; 61.785; 0.088; 0.000; 0.088
2001.0; 61.868; 0.087; 0.000; 0.087
2004.0; 61.951; 0.087; 0.000; 0.087
2007.0; 62.034; 0.087; 0.001; 0.087
2010.0; 62.117; 0.086; 0.001; 0.086
2013.0; 62.200; 0.086; 0.001; 0.086
2016.0; 62.283; 0.085; 0.001; 0.085
2019.0; 62.365; 0.085; 0.002; 0.085
2022.0; 62.448; 0.085; 0.002; 0.085
2025.0; 62.531; 0.084; 0.003; 0.084
2028.0; 62.614; 0.084; 0.004; 0.084
2031.0; 62.697; 0.083; 0.005; 0.084
2034.0; 62.780; 0.083; 0.006; 0.083
2037.0; 62.862; 0.083; 0.008; 0.083
2040.0; 62.945; 0.082; 0.010; 0.083
2043.0; 63.028; 0.082; 0.012; 0.083
2046.0; 63.111; 0.082; 0.015; 0.083
2049.0; 63.193; 0.081; 0.019; 0.083
2052.0; 63.276; 0.081; 0.023; 0.084
2055.0; 63.359; 0.080; 0.029; 0.085
2058.0; 63.441; 0.080; 0.035; 0.087
2061.0; 63.524; 0.080; 0.043; 0.090
2064.0; 63.607; 0.079; 0.052; 0.095
2067.0; 63.689; 0.079; 0.062; 0.101
2070.0; 63.772; 0.079; 0.075; 0.109
2073.0; 63.854; 0.078; 0.090; 0.119
2076.0; 63.937; 0.078; 0.107; 0.132
2079.0; 64.020; 0.077; 0.126; 0.148
2082.0; 64.102; 0.077; 0.149; 0.168
2085.0; 64.185; 0.077; 0.174; 0.190
2088.0; 64.267; 0.076; 0.203; 0.217
2091.0; 64.350; 0.076; 0.235; 0.247
2094.0; 64.432; 0.075; 0.270; 0.280
2097.0; 64.515; 0.075; 0.308; 0.317
2100.0; 64.597; 0.075; 0.349; 0.357
2103.0; 64.679; 0.074; 0.393; 0.399
2106.0; 64.762; 0.074; 0.437; 0.444
2109.0; 64.844; 0.073; 0.483; 0.488
2112.0; 64.927; 0.072; 0.527; 0.532
2115.0; 65.009; 0.072; 0.569; 0.573
2118.0; 65.091; 0.071; 0.605; 0.610
2121.0; 65.174; 0.071; 0.634; 0.638
2124.0; 65.256; 0.070; 0.652; 0.656
2127.0; 65.339; 0.070; 0.656; 0.660
2130.0; 65.421; 0.070; 0.641; 0.645
2133.0; 65.503; -0.003; 0.603; 0.603
2136.0; 65.586; -2.535; 0.540; 2.592
2139.0; 65.669; -6.144; 0.443; 6.160
2142.0; 65.754; -9.419; 0.312; 9.424
2145.0; 65.841; -10.888; 0.154; 10.889
2148.0; 65.931; -10.809; 0.026; 10.809
2151.0; 66.024; -10.700; 0.000; 10.700
2154.0; 66.119; -10.584; 0.000; 10.584
2157.0; 66.217; -10.470; 0.000; 10.470
2160.0; 66.319; -10.357; 0.000; 10.357
2163.0; 66.425; -10.245; 0.000; 10.245
2166.0; 66.536; -10.134; 0.000; 10.134
2169.0; 66.651; -10.024; 0.000; 10.024
2172.0; 66.771; -9.916; 0.000; 9.916
2175.0; 66.898; -9.809; -0.000; 9.809
2178.0; 67.031; -9.681; -0.075; 9.681
2181.0; 67.173; -9.421; -0.539; 9.436
2184.0; 67.324; -8.985; -1.338; 9.084
2187.0; 67.486; -8.270; -2.480; 8.634
2190.0; 67.661; -7.287; -3.756; 8.198
2193.0; 67.850; -6.297; -4.785; 7.908
2196.0; 68.058; -5.499; -5.448; 7.741
2199.0; 68.290; -4.979; -5.772; 7.623
2202.0; 68.547; -4.820; -5.791; 7.535
2205.0; 68.809; -1.542; -6.406; 6.589
2208.0; 69.053; -1.627; -6.415; 6.618
2211.0; 69.276; -0.928; -6.299; 6.367
2214.0; 69.485; -0.384; -6.316; 6.328
2217.0; 69.688; -0.394; -6.361; 6.374
2220.0; 69.891; -0.398; -6.392; 6.405
2223.0; 70.108; -0.224; -6.066; 6.070
2226.0; 70.340; 0.146; -5.016; 5.018
2229.0; 70.584; 0.609; -3.059; 3.119
2232.0; 70.834; 0.967; -0.185; 0.985
2235.0; 71.082; 0.721; 3.315; 3.393
2238.0; 71.325; -0.181; 5.680; 5.683
2241.0; 71.557; -1.403; 6.424; 6.576
2244.0; 71.773; -0.332; 6.589; 6.597
2247.0; 71.973; -0.386; 6.643; 6.655
2250.0; 72.161; -0.401; 6.660; 6.672
2253.0; 72.342; -0.401; 6.669; 6.681
2256.0; 72.526; -0.393; 6.674; 6.685
2259.0; 72.722; -0.379; 6.676; 6.687
2262.0; 72.938; -0.359; 6.675; 6.685
2265.0; 73.175; -0.332; 6.665; 6.674
2268.0; 73.424; -0.289; 6.633; 6.639
2271.0; 73.672; -0.217; 6.538; 6.542
2274.0; 73.910; -0.090; 6.289; 6.289
2277.0; 74.137; 0.109; 5.748; 5.749
2280.0; 74.358; 0.360; 4.852; 4.865
2283.0; 74.575; 0.604; 3.687; 3.736
2286.0; 74.789; 0.783; 2.503; 2.623
2289.0; 75.002; 0.875; 1.594; 1.818
2292.0; 75.212; 0.912; 0.907; 1.287
2295.0; 75.419; 0.924; 0.400; 1.007
2298.0; 75.624; 0.924; 0.035; 0.925
2301.0; 75.827; 0.920; -0.222; 0.946
2304.0; 76.027; 0.913; -0.399; 0.997
2307.0; 76.224; 0.907; -0.517; 1.044
2310.0; 76.419; 0.901; -0.593; 1.079
2313.0; 76.612; 0.896; -0.638; 1.100
2316.0; 76.803; 0.892; -0.662; 1.111
2319.0; 76.992; 0.888; -0.672; 1.113
2322.0; 77.178; 0.884; -0.672; 1.110
2325.0; 77.363; 0.880; -0.667; 1.104
2328.0; 77.545; 0.876; -0.659; 1.096
2331.0; 77.726; 0.872; -0.649; 1.087
2334.0; 77.905; 0.869; -0.640; 1.079
2337.0; 78.083; 0.865; -0.633; 1.071
2340.0; 78.258; 0.861; -0.627; 1.065
2343.0; 78.432; 0.857; -0.624; 1.060
2346.0; 78.605; 0.853; -0.623; 1.057
2349.0; 78.776; 0.849; -0.626; 1.055
2352.0; 78.945; 0.846; -0.632; 1.055
2355.0; 79.113; 0.842; -0.641; 1.058
2358.0; 79.279; 0.838; -0.654; 1.063
2361.0; 79.445; 0.834; -0.670; 1.069
2364.0; 79.608; 0.829; -0.690; 1.079
2367.0; 79.771; 0.825; -0.714; 1.091
2370.0; 79.932; 0.821; -0.741; 1.106
2373.0; 80.092; 0.817; -0.772; 1.124
2376.0; 80.250; 0.812; -0.806; 1.145
2379.0; 80.408; 0.808; -0.845; 1.169
2382.0; 80.564; 0.804; -0.886; 1.196
2385.0; 80.719; 0.799; -0.931; 1.227
2388.0; 80.873; 0.794; -0.978; 1.260
2391.0; 81.026; 0.790; -1.027; 1.295
2394.0; 81.178; 0.785; -1.076; 1.332
2397.0; 81.329; 0.780; -1.123; 1.368
2400.0; 81.479; 0.776; -1.165; 1.400
2403.0; 81.629; 0.772; -1.197; 1.425
2406.0; 81.777; 0.768; -1.208; 1.431
2409.0; 81.925; 0.765; -1.191; 1.416
2412.0; 82.072; 0.762; -1.160; 1.388
2415.0; 82.218; 0.760; -1.119; 1.352
2418.0; 82.363; 0.758; -1.073; 1.313
2421.0; 82.508; 0.756; -1.024; 1.273
2424.0; 82.652; 0.753; -0.976; 1.233
2427.0; 82.796; 0.751; -0.928; 1.194
2430.0; 82.939; 0.748; -0.882; 1.157
2433.0; 83.081; 0.746; -0.838; 1.122
2436.0; 83.223; 0.743; -0.797; 1.090
2439.0; 83.364; 0.740; -0.758; 1.060
2442.0; 83.504; 0.738; -0.722; 1.032
2445.0; 83.644; 0.735; -0.688; 1.007
2448.0; 83.783; 0.732; -0.657; 0.983
2451.0; 83.922; 0.729; -0.628; 0.962
2454.0; 84.060; 0.726; -0.602; 0.943
2457.0; 84.198; 0.723; -0.578; 0.926
2460.0; 84.335; 0.720; -0.557; 0.910
2463.0; 84.471; 0.717; -0.537; 0.896
2466.0; 84.607; 0.714; -0.520; 0.883
2469.0; 84.742; 0.710; -0.505; 0.871
2472.0; 84.877; 0.707; -0.491; 0.861
2475.0; 85.011; 0.704; -0.480; 0.852
2478.0; 85.145; 0.701; -0.470; 0.844
2481.0; 85.278; 0.698; -0.463; 0.837
2484.0; 85.411; 0.695; -0.457; 0.831
2487.0; 85.543; 0.692; -0.452; 0.826
2490.0; 85.674; 0.688; -0.450; 0.822
2493.0; 85.805; 0.685; -0.449; 0.819
2496.0; 85.936; 0.682; -0.450; 0.817
2499.0; 86.066; 0.679; -0.453; 0.816
2502.0; 86.195; 0.676; -0.457; 0.816
2505.0; 86.324; 0.673; -0.464; 0.817
2508.0; 86.452; 0.670; -0.472; 0.819
2511.0; 86.580; 0.666; -0.481; 0.822
2514.0; 86.708; 0.663; -0.493; 0.826
2517.0; 86.835; 0.660; -0.506; 0.832
2520.0; 86.962; 0.657; -0.521; 0.839
2523.0; 87.088; 0.654; -0.538; 0.847
2526.0; 87.214; 0.651; -0.558; 0.857
2529.0; 87.339; 0.647; -0.579; 0.868
2532.0; 87.464; 0.644; -0.602; 0.882
2535.0; 87.588; 0.641; -0.628; 0.897
2538.0; 87.712; 0.638; -0.655; 0.915
2541.0; 87.836; 0.635; -0.686; 0.934
2544.0; 87.959; 0.631; -0.718; 0.956
2547.0; 88.082; 0.628; -0.753; 0.981
2550.0; 88.205; 0.625; -0.791; 1.008
2553.0; 88.327; 0.621; -0.832; 1.038
2556.0; 88.448; 0.618; -0.875; 1.071
2559.0; 88.569; 0.614; -0.922; 1.108
2562.0; 88.690; 0.611; -0.972; 1.148
2565.0; 88.810; 0.607; -1.024; 1.191
2568.0; 88.930; 0.604; -1.081; 1.238
2571.0; 89.050; 0.600; -1.141; 1.289
2574.0; 89.169; 0.596; -1.204; 1.343
2577.0; 89.288; 0.592; -1.271; 1.402
2580.0; 89.406; 0.588; -1.342; 1.465
2583.0; 89.524; 0.584; -1.417; 1.533
2586.0; 89.642; 0.579; -1.497; 1.605
2589.0; 89.759; 0.575; -1.580; 1.681
2592.0; 89.875; 0.570; -1.667; 1.761
2595.0; 89.991; 0.565; -1.757; 1.846
2598.0; 90.107; 0.560; -1.852; 1.934
2601.0; 90.222; 0.555; -1.948; 2.026
2604.0; 90.337; 0.549; -2.047; 2.119
2607.0; 90.451; 0.544; -2.145; 2.213
2610.0; 90.565; 0.538; -2.239; 2.303
2613.0; 90.679; 0.533; -2.326; 2.387
2616.0; 90.793; 0.528; -2.398; 2.455
2619.0; 90.907; 0.525; -2.441; 2.496
2622.0; 91.020; 0.522; -2.453; 2.508
2625.0; 91.133; 0.520; -2.449; 2.503
2628.0; 91.247; 0.518; -2.436; 2.491
2631.0; 91.359; 0.516; -2.421; 2.475
2634.0; 91.472; 0.514; -2.405; 2.460
2637.0; 91.584; 0.513; -2.392; 2.446
2640.0; 91.696; 0.511; -2.382; 2.436
2643.0; 91.808; 0.509; -2.377; 2.431
2646.0; 91.920; 0.507; -2.376; 2.429
2649.0; 92.031; 0.504; -2.379; 2.432
2652.0; 92.142; 0.502; -2.387; 2.439
2655.0; 92.253; 0.499; -2.397; 2.448
2658.0; 92.364; 0.497; -2.408; 2.459
2661.0; 92.474; 0.494; -2.418; 2.468
2664.0; 92.584; 0.492; -2.421; 2.470
2667.0; 92.694; 0.490; -2.417; 2.466
2670.0; 92.804; 0.488; -2.411; 2.460
2673.0; 92.913; 0.486; -2.405; 2.454
2676.0; 93.023; 0.484; -2.402; 2.450
2679.0; 93.132; 0.482; -2.402; 2.450
2682.0; 93.240; 0.480; -2.407; 2.454
2685.0; 93.349; 0.477; -2.415; 2.462
2688.0; 93.457; 0.475; -2.428; 2.474
2691.0; 93.565; 0.472; -2.446; 2.491
2694.0; 93.673; 0.469; -2.469; 2.513
2697.0; 93.781; 0.466; -2.498; 2.541
2700.0; 93.889; 0.463; -2.533; 2.575
2703.0; 93.996; 0.460; -2.573; 2.614
2706.0; 94.103; 0.456; -2.619; 2.658
2709.0; 94.210; 0.452; -2.670; 2.708
2712.0; 94.317; 0.448; -2.725; 2.762
2715.0; 94.424; 0.444; -2.784; 2.820
2718.0; 94.530; 0.440; -2.845; 2.879
2721.0; 94.636; 0.435; -2.905; 2.938
2724.0; 94.742; 0.431; -2.960; 2.992
2727.0; 94.848; 0.428; -3.004; 3.034
2730.0; 94.954; 0.425; -3.026; 3.055
2733.0; 95.059; 0.423; -3.025; 3.054
2736.0; 95.164; 0.422; -3.012; 3.042
2739.0; 95.270; 0.421; -2.994; 3.023
2742.0; 95.375; 0.420; -2.975; 3.004
2745.0; 95.479; 0.419; -2.957; 2.987
2748.0; 95.584; 0.418; -2.942; 2.972
2751.0; 95.688; 0.416; -2.931; 2.961
2754.0; 95.793; 0.415; -2.924; 2.953
2757.0; 95.897; 0.413; -2.919; 2.948
2760.0; 96.001; 0.411; -2.915; 2.944
2763.0; 96.104; 0.410; -2.910; 2.939
2766.0; 96.208; 0.408; -2.898; 2.927
2769.0; 96.312; 0.408; -2.875; 2.904
2772.0; 96.415; 0.407; -2.838; 2.867
2775.0; 96.518; 0.407; -2.791; 2.820
2778.0; 96.621; 0.407; -2.737; 2.767
2781.0; 96.724; 0.408; -2.681; 2.711
2784.0; 96.827; 0.408; -2.625; 2.656
2787.0; 96.930; 0.408; -2.572; 2.604
2790.0; 97.032; 0.407; -2.522; 2.555
2793.0; 97.135; 0.407; -2.477; 2.510
2796.0; 97.237; 0.407; -2.436; 2.470
2799.0; 97.340; 0.406; -2.401; 2.435
2802.0; 97.442; 0.405; -2.371; 2.405
2805.0; 97.544; 0.404; -2.346; 2.381
2808.0; 97.646; 0.403; -2.327; 2.362
2811.0; 97.747; 0.401; -2.314; 2.348
2814.0; 97.849; 0.400; -2.305; 2.340
2817.0; 97.950; 0.398; -2.302; 2.336
2820.0; 98.052; 0.396; -2.304; 2.338
2823.0; 98.153; 0.394; -2.310; 2.343
2826.0; 98.254; 0.392; -2.319; 2.352
2829.0; 98.355; 0.390; -2.330; 2.363
2832.0; 98.456; 0.388; -2.341; 2.373
2835.0; 98.556; 0.386; -2.347; 2.379
2838.0; 98.657; 0.385; -2.345; 2.376
2841.0; 98.757; 0.383; -2.332; 2.364
2844.0; 98.857; 0.382; -2.316; 2.347
2847.0; 98.957; 0.381; -2.298; 2.330
2850.0; 99.057; 0.380; -2.283; 2.314
2853.0; 99.157; 0.378; -2.270; 2.301
2856.0; 99.257; 0.377; -2.261; 2.292
2859.0; 99.357; 0.375; -2.257; 2.288
2862.0; 99.456; 0.374; -2.258; 2.288
2865.0; 99.555; 0.372; -2.263; 2.294
2868.0; 99.655; 0.370; -2.275; 2.304
2871.0; 99.754; 0.368; -2.290; 2.320
2874.0; 99.853; 0.365; -2.311; 2.340
2877.0; 99.952; 0.363; -2.335; 2.363
2880.0; 100.050; 0.361; -2.362; 2.389
2883.0; 100.149; 0.358; -2.389; 2.416
2886.0; 100.247; 0.356; -2.414; 2.440
2889.0; 100.346; 0.354; -2.432; 2.458
2892.0; 100.444; 0.352; -2.436; 2.462
2895.0; 100.542; 0.351; -2.427; 2.453
2898.0; 100.640; 0.350; -2.411; 2.436
2901.0; 100.738; 0.349; -2.392; 2.417
2904.0; 100.836; 0.348; -2.373; 2.399
2907.0; 100.934; 0.347; -2.357; 2.382
2910.0; 101.032; 0.346; -2.344; 2.370
2913.0; 101.129; 0.344; -2.336; 2.362
2916.0; 101.226; 0.343; -2.334; 2.359
2919.0; 101.324; 0.341; -2.336; 2.361
2922.0; 101.421; 0.339; -2.345; 2.369
2925.0; 101.518; 0.338; -2.358; 2.382
2928.0; 101.615; 0.336; -2.378; 2.401
2931.0; 101.712; 0.333; -2.402; 2.425
2934.0; 101.809; 0.331; -2.431; 2.454
2937.0; 101.905; 0.329; -2.464; 2.486
2940.0; 102.002; 0.326; -2.498; 2.519
2943.0; 102.098; 0.324; -2.532; 2.552
2946.0; 102.195; 0.321; -2.561; 2.581
2949.0; 102.291; 0.320; -2.579; 2.599
2952.0; 102.387; 0.318; -2.584; 2.604
2955.0; 102.483; 0.317; -2.572; 2.591
2958.0; 102.579; 0.316; -2.544; 2.564
2961.0; 102.675; 0.316; -2.508; 2.527
2964.0; 102.771; 0.316; -2.467; 2.487
2967.0; 102.866; 0.316; -2.425; 2.446
2970.0; 102.962; 0.315; -2.385; 2.405
2973.0; 103.057; 0.315; -2.346; 2.367
2976.0; 103.153; 0.315; -2.308; 2.330
2979.0; 103.248; 0.314; -2.272; 2.294
2982.0; 103.343; 0.314; -2.235; 2.257
2985.0; 103.438; 0.313; -2.195; 2.217
2988.0; 103.533; 0.313; -2.147; 2.170
2991.0; 103.628; 0.313; -2.088; 2.111
2994.0; 103.723; 0.313; -2.017; 2.041
2997.0; 103.818; 0.314; -1.939; 1.964
3000.0; 103.913; 0.314; -1.858; 1.884
3003.0; 104.008; 0.314; -1.776; 1.803
3006.0; 104.102; 0.314; -1.694; 1.723
3009.0; 104.197; 0.314; -1.614; 1.644
3012.0; 104.292; 0.314; -1.536; 1.568
3015.0; 104.386; 0.314; -1.461; 1.494
3018.0; 104.481; 0.314; -1.388; 1.423
3021.0; 104.575; 0.313; -1.318; 1.355
3024.0; 104.669; 0.313; -1.252; 1.290
3027.0; 104.764; 0.312; -1.188; 1.228
3030.0; 104.858; 0.312; -1.127; 1.170
3033.0; 104.952; 0.311; -1.069; 1.114
3036.0; 105.046; 0.310; -1.014; 1.060
3039.0; 105.141; 0.309; -0.961; 1.010
3042.0; 105.235; 0.308; -0.911; 0.962
3045.0; 105.329; 0.307; -0.863; 0.916
3048.0; 105.422; 0.306; -0.818; 0.873
3051.0; 105.516; 0.305; -0.775; 0.833
3054.0; 105.610; 0.304; -0.734; 0.794
3057.0; 105.704; 0.303; -0.695; 0.758
3060.0; 105.798; 0.302; -0.658; 0.724
3063.0; 105.891; 0.301; -0.623; 0.692
3066.0; 105.985; 0.300; -0.589; 0.661
3069.0; 106.078; 0.298; -0.558; 0.632
3072.0; 106.172; 0.297; -0.527; 0.605
3075.0; 106.265; 0.296; -0.499; 0.580
3078.0; 106.358; 0.295; -0.472; 0.556
3081.0; 106.452; 0.294; -0.446; 0.534
3084.0; 106.545; 0.292; -0.422; 0.513
3087.0; 106.638; 0.291; -0.399; 0.494
3090.0; 106.731; 0.290; -0.377; 0.475
3093.0; 106.824; 0.289; -0.356; 0.458
3096.0; 106.916; 0.287; -0.337; 0.443
3099.0; 107.009; 0.286; -0.318; 0.428
3102.0; 107.102; 0.285; -0.300; 0.414
3105.0; 107.194; 0.284; -0.284; 0.401
3108.0; 107.287; 0.282; -0.268; 0.389
3111.0; 107.379; 0.281; -0.253; 0.378
3114.0; 107.471; 0.280; -0.239; 0.368
3117.0; 107.564; 0.279; -0.225; 0.358
3120.0; 107.656; 0.277; -0.212; 0.349
3123.0; 107.748; 0.276; -0.200; 0.341
3126.0; 107.840; 0.275; -0.189; 0.334
3129.0; 107.932; 0.274; -0.178; 0.327
3132.0; 108.024; 0.272; -0.168; 0.320
3135.0; 108.116; 0.271; -0.159; 0.314
3138.0; 108.208; 0.270; -0.149; 0.308
3141.0; 108.299; 0.269; -0.141; 0.303
3144.0; 108.391; 0.267; -0.133; 0.299
3147.0; 108.482; 0.266; -0.125; 0.294
3150.0; 108.574; 0.265; -0.118; 0.290
3153.0; 108.665; 0.264; -0.111; 0.286
3156.0; 108.757; 0.263; -0.104; 0.283
3159.0; 108.848; 0.261; -0.098; 0.279
3162.0; 108.939; 0.260; -0.092; 0.276
3165.0; 109.030; 0.259; -0.087; 0.273
3168.0; 109.121; 0.258; -0.082; 0.270
3171.0; 109.212; 0.257; -0.077; 0.268
3174.0; 109.303; 0.255; -0.072; 0.265
3177.0; 109.394; 0.254; -0.068; 0.263
3180.0; 109.485; 0.253; -0.064; 0.261
3183.0; 109.576; 0.252; -0.060; 0.259
3186.0; 109.666; 0.251; -0.056; 0.257
3189.0; 109.757; 0.250; -0.053; 0.255
3192.0; 109.848; 0.248; -0.049; 0.253
3195.0; 109.938; 0.247; -0.046; 0.252
3198.0; 110.028; 0.246; -0.043; 0.250
3201.0; 110.119; 0.245; -0.041; 0.248
3204.0; 110.209; 0.244; -0.038; 0.247
3207.0; 110.299; 0.243; -0.035; 0.245
3210.0; 110.390; 0.242; -0.033; 0.244
3213.0; 110.480; 0.241; -0.031; 0.243
3216.0; 110.570; 0.239; -0.029; 0.241
3219.0; 110.660; 0.238; -0.027; 0.240
3222.0; 110.750; 0.237; -0.025; 0.239
3225.0; 110.839; 0.236; -0.024; 0.237
3228.0; 110.929; 0.235; -0.022; 0.236
3231.0; 111.019; 0.234; -0.021; 0.235
3234.0; 111.109; 0.233; -0.019; 0.234
3237.0; 111.198; 0.232; -0.018; 0.233
3240.0; 111.288; 0.231; -0.017; 0.231
3243.0; 111.377; 0.230; -0.016; 0.230
3246.0; 111.467; 0.229; -0.015; 0.229
3249.0; 111.556; 0.228; -0.015; 0.228
3252.0; 111.645; 0.227; -0.014; 0.227
3255.0; 111.735; 0.226; -0.014; 0.226
3258.0; 111.824; 0.225; -0.014; 0.225
3261.0; 111.913; 0.224; -0.015; 0.224
3264.0; 112.002; 0.222; -0.016; 0.223
3267.0; 112.091; 0.221; -0.017; 0.222
3270.0; 112.180; 0.220; -0.019; 0.221
3273.0; 112.269; 0.219; -0.022; 0.221
3276.0; 112.358; 0.218; -0.026; 0.220
3279.0; 112.447; 0.217; -0.030; 0.220
3282.0; 112.536; 0.216; -0.036; 0.219
3285.0; 112.625; 0.215; -0.043; 0.220
3288.0; 112.713; 0.214; -0.052; 0.221
3291.0; 112.802; 0.213; -0.063; 0.222
3294.0; 112.891; 0.212; -0.075; 0.225
3297.0; 112.979; 0.211; -0.090; 0.230
3300.0; 113.068; 0.210; -0.108; 0.237
3303.0; 113.156; 0.209; -0.129; 0.246
3306.0; 113.245; 0.208; -0.153; 0.259
3309.0; 113.333; 0.207; -0.181; 0.276
3312.0; 113.422; 0.206; -0.213; 0.297
3315.0; 113.510; 0.205; -0.249; 0.323
3318.0; 113.598; 0.204; -0.290; 0.354
3321.0; 113.687; 0.203; -0.334; 0.391
3324.0; 113.775; 0.202; -0.382; 0.432
3327.0; 113.863; 0.201; -0.434; 0.478
3330.0; 113.951; 0.200; -0.488; 0.527
3333.0; 114.039; 0.199; -0.544; 0.579
3336.0; 114.127; 0.197; -0.599; 0.631
3339.0; 114.215; 0.196; -0.652; 0.681
3342.0; 114.303; 0.195; -0.700; 0.727
3345.0; 114.391; 0.194; -0.740; 0.765
3348.0; 114.479; 0.193; -0.768; 0.792
3351.0; 114.567; 0.192; -0.779; 0.803
3354.0; 114.655; 0.191; -0.769; 0.793
3357.0; 114.742; 0.190; -0.732; 0.757
3360.0; 114.830; -2.230; -0.664; 2.327
3363.0; 114.919; -5.987; -0.551; 6.013
3366.0; 115.010; -9.373; -0.396; 9.381
3369.0; 115.104; -10.595; -0.202; 10.596
3372.0; 115.201; -10.528; -0.048; 10.528
3375.0; 115.300; -10.428; -0.000; 10.428
3378.0; 115.404; -10.315; -0.000; 10.315
3381.0; 115.512; -10.203; -0.000; 10.203
3384.0; 115.624; -10.093; -0.000; 10.093
3387.0; 115.741; -9.983; 0.000; 9.983
3390.0; 115.864; -9.838; 0.122; 9.839
3393.0; 115.994; -9.561; 0.620; 9.581
3396.0; 116.129; -9.077; 1.492; 9.199
3399.0; 116.271; -8.219; 2.805; 8.685
3402.0; 116.419; -6.993; 4.274; 8.196
3405.0; 116.574; -5.759; 5.410; 7.902
3408.0; 116.741; -4.762; 6.117; 7.752
3411.0; 116.922; -4.084; 6.481; 7.660
3414.0; 117.117; -3.729; 6.613; 7.592
3417.0; 117.317; -1.290; 6.942; 7.061
3420.0; 117.509; -1.332; 6.966; 7.092
3423.0; 117.687; -0.124; 6.920; 6.921
3426.0; 117.846; -0.129; 6.930; 6.932
3429.0; 117.993; -0.127; 6.935; 6.936
3432.0; 118.146; -0.121; 6.937; 6.938
3435.0; 118.315; -0.107; 6.934; 6.935
3438.0; 118.496; -0.077; 6.913; 6.913
3441.0; 118.683; -0.007; 6.802; 6.802
3444.0; 118.871; 0.164; 6.304; 6.306
3447.0; 119.057; 0.481; 4.788; 4.812
3450.0; 119.241; 0.799; 1.985; 2.140
3453.0; 119.422; 0.848; -1.669; 1.872
3456.0; 119.599; 0.547; -4.785; 4.816
3459.0; 119.772; 0.235; -6.291; 6.296
3462.0; 119.938; 0.067; -6.778; 6.778
3465.0; 120.096; -0.006; -6.921; 6.921
3468.0; 120.244; -0.035; -6.966; 6.966
3471.0; 120.388; -0.043; -6.980; 6.981
3474.0; 120.539; -0.040; -6.983; 6.983
3477.0; 120.703; -0.032; -6.979; 6.979
3480.0; 120.879; -0.017; -6.966; 6.966
3483.0; 121.062; 0.006; -6.936; 6.936
3486.0; 121.243; 0.044; -6.867; 6.867
3489.0; 121.421; 0.108; -6.705; 6.706
3492.0; 121.595; 0.215; -6.336; 6.339
3495.0; 121.766; 0.371; -5.607; 5.619
3498.0; 121.935; 0.553; -4.451; 4.485
3501.0; 122.102; 0.709; -3.017; 3.099
3504.0; 122.267; 0.798; -1.683; 1.863
3507.0; 122.431; 0.829; -0.729; 1.104
3510.0; 122.593; 0.834; -0.052; 0.836
3513.0; 122.754; 0.828; 0.415; 0.927
3516.0; 122.915; 0.820; 0.727; 1.096
3519.0; 123.074; 0.812; 0.924; 1.230
3522.0; 123.233; 0.806; 1.039; 1.315
3525.0; 123.390; 0.801; 1.095; 1.356
3528.0; 123.547; 0.797; 1.108; 1.365
3531.0; 123.703; 0.794; 1.093; 1.351
3534.0; 123.858; 0.791; 1.058; 1.321
3537.0; 124.012; 0.788; 1.011; 1.282
3540.0; 124.166; 0.786; 0.956; 1.238
3543.0; 124.318; 0.784; 0.897; 1.191
3546.0; 124.469; 0.782; 0.836; 1.145
3549.0; 124.620; 0.779; 0.776; 1.100
3552.0; 124.769; 0.777; 0.717; 1.057
3555.0; 124.918; 0.774; 0.661; 1.018
3558.0; 125.066; 0.771; 0.608; 0.982
3561.0; 125.213; 0.768; 0.557; 0.949
3564.0; 125.359; 0.765; 0.511; 0.920
3567.0; 125.505; 0.762; 0.467; 0.894
3570.0; 125.650; 0.759; 0.427; 0.871
3573.0; 125.794; 0.756; 0.390; 0.851
3576.0; 125.937; 0.753; 0.355; 0.833
3579.0; 126.080; 0.750; 0.324; 0.817
3582.0; 126.222; 0.747; 0.295; 0.803
3585.0; 126.363; 0.743; 0.269; 0.790
3588.0; 126.504; 0.740; 0.245; 0.780
3591.0; 126.644; 0.737; 0.223; 0.770
3594.0; 126.783; 0.733; 0.203; 0.761
3597.0; 126.921; 0.730; 0.185; 0.753
3600.0; 127.059; 0.727; 0.169; 0.746
3603.0; 127.197; 0.723; 0.154; 0.740
3606.0; 127.333; 0.720; 0.141; 0.734
3609.0; 127.470; 0.717; 0.129; 0.728
3612.0; 127.605; 0.714; 0.118; 0.723
3615.0; 127.740; 0.710; 0.108; 0.719
3618.0; 127.874; 0.707; 0.099; 0.714
3621.0; 128.008; 0.704; 0.092; 0.710
3624.0; 128.141; 0.701; 0.085; 0.706
3627.0; 128.274; 0.697; 0.079; 0.702
3630.0; 128.406; 0.694; 0.074; 0.698
3633.0; 128.538; 0.691; 0.070; 0.695
3636.0; 128.669; 0.688; 0.067; 0.691
3639.0; 128.800; 0.685; 0.065; 0.688
3642.0; 128.930; 0.682; 0.064; 0.685
3645.0; 129.059; 0.678; 0.063; 0.681
3648.0; 129.188; 0.675; 0.064; 0.678
3651.0; 129.317; 0.672; 0.066; 0.675
3654.0; 129.445; 0.669; 0.070; 0.673
3657.0; 129.573; 0.666; 0.075; 0.670
3660.0; 129.700; 0.663; 0.081; 0.668
3663.0; 129.827; 0.660; 0.089; 0.666
3666.0; 129.953; 0.657; 0.100; 0.664
3669.0; 130.079; 0.654; 0.113; 0.663
3672.0; 130.204; 0.651; 0.128; 0.663
3675.0; 130.329; 0.648; 0.146; 0.664
3678.0; 130.454; 0.645; 0.168; 0.666
3681.0; 130.578; 0.642; 0.193; 0.670
3684.0; 130.702; 0.639; 0.222; 0.676
3687.0; 130.825; 0.636; 0.256; 0.685
3690.0; 130.948; 0.632; 0.294; 0.697
3693.0; 131.071; 0.629; 0.336; 0.714
3696.0; 131.193; 0.626; 0.383; 0.734
3699.0; 131.315; 0.623; 0.435; 0.760
3702.0; 131.436; 0.620; 0.490; 0.790
3705.0; 131.557; 0.616; 0.549; 0.825
3708.0; 131.678; 0.613; 0.608; 0.863
3711.0; 131.798; 0.610; 0.667; 0.903
3714.0; 131.918; 0.606; 0.721; 0.942
3717.0; 132.038; 0.603; 0.768; 0.976
3720.0; 132.157; 0.600; 0.801; 1.001
3723.0; 132.276; 0.597; 0.814; 1.009
3726.0; 132.395; 0.594; 0.798; 0.995
3729.0; 132.513; 0.592; 0.744; 0.951
3732.0; 132.631; 0.591; 0.637; 0.869
3735.0; 132.749; 0.589; 0.464; 0.750
3738.0; 132.866; 0.588; 0.206; 0.623
3741.0; 132.983; 0.585; -0.155; 0.606
3744.0; 133.100; 0.580; -0.640; 0.864
3747.0; 133.217; 0.568; -1.270; 1.391
3750.0; 133.333; 0.546; -2.059; 2.130
3753.0; 133.449; 0.508; -3.008; 3.050
3756.0; 133.564; 0.445; -4.091; 4.116
3759.0; 133.680; 0.354; -5.232; 5.244
3762.0; 133.796; 0.247; -6.198; 6.203
3765.0; 133.912; 0.150; -6.825; 6.827
3768.0; 134.028; 0.077; -7.160; 7.160
3771.0; 134.145; 0.027; -7.315; 7.315
3774.0; 134.263; -0.005; -7.381; 7.381
3777.0; 134.380; -0.027; -7.407; 7.408
3780.0; 134.497; -0.755; -7.453; 7.491
3783.0; 134.615; -1.265; -7.477; 7.584
3786.0; 134.733; -1.266; -7.470; 7.577
3789.0; 134.851; -1.264; -7.463; 7.569
3792.0; 134.969; -1.262; -7.456; 7.562
3795.0; 135.087; -0.779; -7.425; 7.466
3798.0; 135.204; -0.037; -7.384; 7.384
3801.0; 135.320; -0.038; -7.386; 7.386
3804.0; 135.436; -0.038; -7.388; 7.388
3807.0; 135.551; -0.038; -7.389; 7.389
3810.0; 135.665; -0.037; -7.389; 7.389
3813.0; 135.780; -0.037; -7.390; 7.390
3816.0; 135.894; -0.036; -7.390; 7.390
3819.0; 136.008; -0.035; -7.390; 7.390
3822.0; 136.122; -0.035; -7.390; 7.390
3825.0; 136.236; -0.034; -7.390; 7.390
3828.0; 136.349; -0.033; -7.390; 7.390
3831.0; 136.463; -0.032; -7.390; 7.390
3834.0; 136.576; -0.031; -7.390; 7.390
3837.0; 136.689; -0.030; -7.390; 7.390
3840.0; 136.801; -0.029; -7.389; 7.389
3843.0; 136.914; -0.027; -7.389; 7.389
3846.0; 137.026; -0.025; -7.388; 7.388
3849.0; 137.138; -0.023; -7.387; 7.387
3852.0; 137.251; -0.021; -7.386; 7.386
3855.0; 137.363; -0.018; -7.385; 7.385
3858.0; 137.476; -0.016; -7.383; 7.383
3861.0; 137.589; -0.013; -7.381; 7.381
3864.0; 137.702; -0.011; -7.379; 7.379
3867.0; 137.816; -0.008; -7.376; 7.376
3870.0; 137.930; -0.004; -7.373; 7.373
3873.0; 138.044; -0.001; -7.369; 7.369
3876.0; 138.158; 0.003; -7.364; 7.364
3879.0; 138.273; 0.007; -7.358; 7.358
3882.0; 138.389; 0.012; -7.351; 7.351
3885.0; 138.505; 0.018; -7.342; 7.342
3888.0; 138.621; 0.024; -7.330; 7.330
3891.0; 138.738; 0.031; -7.315; 7.315
3894.0; 138.856; 0.040; -7.295; 7.295
3897.0; 138.974; 0.052; -7.267; 7.267
3900.0; 139.093; 0.066; -7.226; 7.226
3903.0; 139.212; 0.084; -7.166; 7.166
3906.0; 139.331; 0.108; -7.073; 7.074
3909.0; 139.449; 0.141; -6.927; 6.929
3912.0; 139.567; 0.184; -6.695; 6.697
3915.0; 139.685; 0.239; -6.330; 6.335
3918.0; 139.802; 0.305; -5.781; 5.789
3921.0; 139.918; 0.378; -5.018; 5.033
3924.0; 140.035; 0.447; -4.070; 4.094
3927.0; 140.150; 0.502; -3.047; 3.088
3930.0; 140.265; 0.535; -2.144; 2.209
3933.0; 140.380; 0.550; -1.471; 1.571
3936.0; 140.494; 0.556; -0.977; 1.124
3939.0; 140.608; 0.558; -0.616; 0.831
3942.0; 140.722; 0.557; -0.355; 0.661
3945.0; 140.835; 0.555; -0.167; 0.580
3948.0; 140.949; 0.553; -0.034; 0.554
3951.0; 141.062; 0.550; 0.059; 0.554
3954.0; 141.174; 0.548; 0.122; 0.561
3957.0; 141.287; 0.545; 0.164; 0.569
3960.0; 141.399; 0.543; 0.190; 0.575
3963.0; 141.511; 0.540; 0.204; 0.577
3966.0; 141.623; 0.538; 0.210; 0.577
3969.0; 141.734; 0.535; 0.211; 0.575
3972.0; 141.846; 0.533; 0.207; 0.572
3975.0; 141.957; 0.530; 0.201; 0.567
3978.0; 142.068; 0.528; 0.192; 0.562
3981.0; 142.178; 0.525; 0.183; 0.557
3984.0; 142.289; 0.523; 0.174; 0.551
3987.0; 142.399; 0.521; 0.164; 0.546
3990.0; 142.509; 0.518; 0.155; 0.541
3993.0; 142.619; 0.516; 0.146; 0.536
3996.0; 142.728; 0.514; 0.138; 0.532
3999.0; 142.838; 0.511; 0.131; 0.528
4002.0; 142.947; 0.509; 0.125; 0.524
4005.0; 143.056; 0.507; 0.121; 0.521
4008.0; 143.164; 0.504; 0.118; 0.518
4011.0; 143.273; 0.502; 0.116; 0.515
4014.0; 143.381; 0.500; 0.117; 0.513
4017.0; 143.489; 0.497; 0.120; 0.512
4020.0; 143.596; 0.495; 0.126; 0.511
4023.0; 143.704; 0.493; 0.134; 0.511
4026.0; 143.811; 0.490; 0.146; 0.512
4029.0; 143.919; 0.488; 0.161; 0.514
4032.0; 144.025; 0.486; 0.181; 0.519
4035.0; 144.132; 0.484; 0.206; 0.526
4038.0; 144.239; 0.481; 0.237; 0.536
4041.0; 144.345; 0.479; 0.273; 0.551
4044.0; 144.451; 0.477; 0.317; 0.572
4047.0; 144.557; 0.474; 0.367; 0.600
4050.0; 144.663; 0.472; 0.426; 0.635
4053.0; 144.769; 0.469; 0.492; 0.680
4056.0; 144.874; 0.466; 0.567; 0.734
4059.0; 144.979; 0.464; 0.649; 0.798
4062.0; 145.084; 0.461; 0.738; 0.870
4065.0; 145.189; 0.458; 0.834; 0.951
4068.0; 145.294; 0.454; 0.933; 1.037
4071.0; 145.398; 0.451; 1.032; 1.127
4074.0; 145.503; 0.448; 1.129; 1.214
4077.0; 145.607; 0.444; 1.217; 1.296
4080.0; 145.711; 0.441; 1.291; 1.364
4083.0; 145.815; 0.438; 1.342; 1.412
4086.0; 145.919; 0.436; 1.360; 1.429
4089.0; 146.022; 0.435; 1.335; 1.404
4092.0; 146.126; 0.434; 1.253; 1.326
4095.0; 146.229; 0.434; 1.098; 1.180
4098.0; 146.332; 0.435; 0.853; 0.958
4101.0; 146.435; 0.436; 0.501; 0.664
4104.0; 146.537; 0.435; 0.022; 0.436
4107.0; 146.640; -2.317; -0.597; 2.393
4110.0; 146.745; -6.461; -1.338; 6.598
4113.0; 146.853; -9.243; -2.163; 9.493
4116.0; 146.964; -8.572; -3.064; 9.103
4119.0; 147.080; -7.604; -4.190; 8.682
4122.0; 147.199; -6.214; -5.507; 8.303
4125.0; 147.323; -4.836; -6.496; 8.098
4128.0; 147.449; -3.967; -6.964; 8.014
4131.0; 147.579; -3.579; -7.120; 7.969
4134.0; 147.712; -3.446; -7.148; 7.935
4137.0; 147.847; -1.205; -7.299; 7.398
4140.0; 147.984; -1.216; -7.311; 7.412
4143.0; 148.121; 0.003; -7.251; 7.251
4146.0; 148.258; 0.000; -7.256; 7.256
4149.0; 148.392; 0.000; -7.259; 7.259
4152.0; 148.522; 0.001; -7.261; 7.261
4155.0; 148.649; 0.002; -7.261; 7.261
4158.0; 148.772; 0.004; -7.262; 7.262
4161.0; 148.892; 0.005; -7.262; 7.262
4164.0; 149.012; 0.007; -7.262; 7.262
4167.0; 149.131; 0.009; -7.262; 7.262
4170.0; 149.252; 0.012; -7.261; 7.261
4173.0; 149.375; 0.016; -7.260; 7.260
4176.0; 149.501; 0.020; -7.258; 7.258
4179.0; 149.630; 0.025; -7.255; 7.255
4182.0; 149.761; 0.032; -7.249; 7.249
4185.0; 149.894; 0.039; -7.241; 7.241
4188.0; 150.028; 0.050; -7.228; 7.228
4191.0; 150.162; 0.064; -7.204; 7.204
4194.0; 150.297; 0.086; -7.158; 7.158
4197.0; 150.431; 0.123; -7.058; 7.059
4200.0; 150.564; 0.184; -6.826; 6.828
4203.0; 150.695; 0.284; -6.290; 6.296
4206.0; 150.826; 0.422; -5.224; 5.241
4209.0; 150.954; 0.555; -3.689; 3.731
4212.0; 151.082; 0.630; -2.278; 2.364
4215.0; 151.210; 0.658; -1.360; 1.511
4218.0; 151.337; 0.667; -0.765; 1.015
4221.0; 151.465; 0.668; -0.382; 0.769
4224.0; 151.592; 0.666; -0.138; 0.680
4227.0; 151.719; 0.663; 0.017; 0.663
4230.0; 151.846; 0.660; 0.112; 0.669
4233.0; 151.972; 0.656; 0.169; 0.678
4236.0; 152.099; 0.653; 0.201; 0.684
4239.0; 152.224; 0.650; 0.217; 0.686
4242.0; 152.350; 0.647; 0.223; 0.685
4245.0; 152.474; 0.644; 0.223; 0.682
4248.0; 152.599; 0.641; 0.219; 0.678
4251.0; 152.722; 0.638; 0.212; 0.673
4254.0; 152.846; 0.635; 0.205; 0.668
4257.0; 152.969; 0.633; 0.196; 0.662
4260.0; 153.091; 0.630; 0.188; 0.657
4263.0; 153.214; 0.627; 0.180; 0.652
4266.0; 153.335; 0.624; 0.171; 0.647
4269.0; 153.457; 0.621; 0.163; 0.642
4272.0; 153.578; 0.618; 0.156; 0.638
4275.0; 153.699; 0.615; 0.149; 0.633
4278.0; 153.819; 0.613; 0.142; 0.629
4281.0; 153.939; 0.610; 0.135; 0.625
4284.0; 154.059; 0.607; 0.129; 0.621
4287.0; 154.178; 0.604; 0.124; 0.617
4290.0; 154.297; 0.601; 0.118; 0.613
4293.0; 154.415; 0.599; 0.114; 0.609
4296.0; 154.534; 0.596; 0.109; 0.606
4299.0; 154.652; 0.593; 0.105; 0.602
4302.0; 154.769; 0.591; 0.101; 0.599
4305.0; 154.886; 0.588; 0.097; 0.596
4308.0; 155.003; 0.585; 0.093; 0.593
4311.0; 155.120; 0.582; 0.090; 0.589
4314.0; 155.236; 0.580; 0.087; 0.586
4317.0; 155.352; 0.577; 0.085; 0.583
4320.0; 155.468; 0.574; 0.082; 0.580
4323.0; 155.584; 0.572; 0.080; 0.577
4326.0; 155.699; 0.569; 0.078; 0.575
4329.0; 155.814; 0.567; 0.077; 0.572
4332.0; 155.928; 0.564; 0.075; 0.569
4335.0; 156.043; 0.561; 0.074; 0.566
4338.0; 156.157; 0.559; 0.073; 0.563
4341.0; 156.270; 0.556; 0.072; 0.561
4344.0; 156.384; 0.554; 0.071; 0.558
4347.0; 156.497; 0.551; 0.071; 0.556
4350.0; 156.610; 0.549; 0.071; 0.553
4353.0; 156.723; 0.546; 0.070; 0.551
4356.0; 156.835; 0.544; 0.071; 0.548
4359.0; 156.947; 0.541; 0.071; 0.546
4362.0; 157.059; 0.539; 0.072; 0.543
4365.0; 157.171; 0.536; 0.072; 0.541
4368.0; 157.282; 0.534; 0.073; 0.539
4371.0; 157.393; 0.531; 0.075; 0.536
4374.0; 157.504; 0.529; 0.076; 0.534
4377.0; 157.615; 0.526; 0.078; 0.532
4380.0; 157.725; 0.524; 0.079; 0.530
4383.0; 157.836; 0.521; 0.082; 0.528
4386.0; 157.946; 0.519; 0.084; 0.526
4389.0; 158.055; 0.517; 0.086; 0.524
4392.0; 158.165; 0.514; 0.089; 0.522
4395.0; 158.274; 0.512; 0.092; 0.520
4398.0; 158.383; 0.510; 0.096; 0.518
4401.0; 158.492; 0.507; 0.099; 0.517
4404.0; 158.601; 0.505; 0.103; 0.515
4407.0; 158.709; 0.503; 0.107; 0.514
4410.0; 158.817; 0.500; 0.112; 0.513
4413.0; 158.925; 0.498; 0.117; 0.511
4416.0; 159.033; 0.496; 0.122; 0.510
4419.0; 159.141; 0.493; 0.128; 0.510
4422.0; 159.248; 0.491; 0.134; 0.509
4425.0; 159.355; 0.489; 0.140; 0.508
4428.0; 159.462; 0.487; 0.147; 0.508
4431.0; 159.569; 0.484; 0.154; 0.508
4434.0; 159.676; 0.482; 0.161; 0.508
4437.0; 159.782; 0.480; 0.169; 0.509
4440.0; 159.888; 0.478; 0.178; 0.510
4443.0; 159.994; 0.475; 0.187; 0.511
4446.0; 160.100; 0.473; 0.197; 0.512
4449.0; 160.206; 0.471; 0.207; 0.514
4452.0; 160.311; 0.469; 0.217; 0.517
4455.0; 160.416; 0.467; 0.229; 0.520
4458.0; 160.522; 0.464; 0.241; 0.523
4461.0; 160.626; 0.462; 0.254; 0.527
4464.0; 160.731; 0.460; 0.267; 0.532
4467.0; 160.836; 0.458; 0.282; 0.538
4470.0; 160.940; 0.456; 0.297; 0.544
4473.0; 161.044; 0.454; 0.313; 0.551
4476.0; 161.148; 0.451; 0.329; 0.559
4479.0; 161.252; 0.449; 0.347; 0.568
4482.0; 161.356; 0.447; 0.366; 0.578
4485.0; 161.460; 0.445; 0.386; 0.589
4488.0; 161.563; 0.443; 0.407; 0.601
4491.0; 161.666; 0.441; 0.429; 0.615
4494.0; 161.769; 0.439; 0.453; 0.630
4497.0; 161.872; 0.436; 0.477; 0.647
4500.0; 161.975; 0.434; 0.503; 0.665
4503.0; 162.077; 0.432; 0.531; 0.684
4506.0; 162.180; 0.430; 0.560; 0.706
4509.0; 162.282; 0.428; 0.590; 0.729
4512.0; 162.384; 0.425; 0.623; 0.754
4515.0; 162.485; 0.423; 0.657; 0.781
4518.0; 162.587; 0.421; 0.693; 0.811
4521.0; 162.689; 0.419; 0.730; 0.842
4524.0; 162.790; 0.416; 0.770; 0.876
4527.0; 162.891; 0.414; 0.812; 0.912
4530.0; 162.992; 0.412; 0.856; 0.950
4533.0; 163.093; 0.409; 0.903; 0.991
4536.0; 163.193; 0.407; 0.951; 1.035
4539.0; 163.294; 0.405; 1.002; 1.081
4542.0; 163.394; 0.402; 1.056; 1.130
4545.0; 163.494; 0.400; 1.111; 1.181
4548.0; 163.594; 0.397; 1.168; 1.234
4551.0; 163.694; 0.394; 1.227; 1.289
4554.0; 163.794; 0.392; 1.286; 1.344
4557.0; 163.894; 0.389; 1.343; 1.399
4560.0; 163.993; 0.386; 1.397; 1.449
4563.0; 164.093; 0.384; 1.442; 1.492
4566.0; 164.192; 0.382; 1.473; 1.521
4569.0; 164.291; 0.380; 1.479; 1.527
4572.0; 164.390; 0.378; 1.459; 1.507
4575.0; 164.489; 0.377; 1.423; 1.472
4578.0; 164.588; 0.376; 1.377; 1.428
4581.0; 164.687; 0.375; 1.326; 1.378
4584.0; 164.785; 0.375; 1.273; 1.327
4587.0; 164.884; 0.374; 1.219; 1.275
4590.0; 164.982; 0.373; 1.166; 1.224
4593.0; 165.080; 0.372; 1.114; 1.174
4596.0; 165.178; 0.371; 1.063; 1.126
4599.0; 165.276; 0.369; 1.015; 1.080
4602.0; 165.374; 0.368; 0.968; 1.036
4605.0; 165.472; 0.367; 0.923; 0.993
4608.0; 165.570; 0.366; 0.880; 0.953
4611.0; 165.667; 0.365; 0.839; 0.915
4614.0; 165.765; 0.363; 0.800; 0.879
4617.0; 165.862; 0.362; 0.763; 0.844
4620.0; 165.960; 0.361; 0.727; 0.811
4623.0; 166.057; 0.359; 0.693; 0.780
4626.0; 166.154; 0.358; 0.660; 0.751
4629.0; 166.251; 0.356; 0.629; 0.723
4632.0; 166.348; 0.355; 0.600; 0.697
4635.0; 166.445; 0.354; 0.571; 0.672
4638.0; 166.542; 0.352; 0.544; 0.648
4641.0; 166.638; 0.351; 0.519; 0.626
4644.0; 166.735; 0.349; 0.494; 0.605
4647.0; 166.832; 0.348; 0.471; 0.585
4650.0; 166.928; 0.346; 0.448; 0.566
4653.0; 167.024; 0.345; 0.427; 0.549
4656.0; 167.121; 0.343; 0.407; 0.532
4659.0; 167.217; 0.342; 0.387; 0.517
4662.0; 167.313; 0.340; 0.369; 0.502
4665.0; 167.409; 0.339; 0.352; 0.488
4668.0; 167.505; 0.337; 0.335; 0.475
4671.0; 167.600; 0.336; 0.319; 0.463
4674.0; 167.696; 0.334; 0.304; 0.452
4677.0; 167.791; 0.333; 0.289; 0.441
4680.0; 167.887; 0.331; 0.275; 0.431
4683.0; 167.982; 0.330; 0.262; 0.421
4686.0; 168.077; 0.328; 0.250; 0.412
4689.0; 168.173; 0.327; 0.238; 0.404
4692.0; 168.268; 0.325; 0.226; 0.396
4695.0; 168.363; 0.324; 0.216; 0.389
4698.0; 168.457; 0.322; 0.205; 0.382
4701.0; 168.552; 0.321; 0.195; 0.376
4704.0; 168.647; 0.319; 0.186; 0.370
4707.0; 168.741; 0.318; 0.177; 0.364
4710.0; 168.836; 0.317; 0.169; 0.359
4713.0; 168.930; 0.315; 0.160; 0.354
4716.0; 169.025; 0.314; 0.153; 0.349
4719.0; 169.119; 0.312; 0.145; 0.344
4722.0; 169.213; 0.311; 0.138; 0.340
4725.0; 169.307; 0.309; 0.132; 0.336
4728.0; 169.401; 0.308; 0.125; 0.333
4731.0; 169.495; 0.307; 0.119; 0.329
4734.0; 169.589; 0.305; 0.114; 0.326
4737.0; 169.682; 0.304; 0.108; 0.322
4740.0; 169.776; 0.302; 0.103; 0.319
4743.0; 169.870; 0.301; 0.098; 0.316
4746.0; 169.963; 0.300; 0.093; 0.314
4749.0; 170.056; 0.298; 0.089; 0.311
4752.0; 170.150; 0.297; 0.084; 0.309
4755.0; 170.243; 0.296; 0.080; 0.306
4758.0; 170.336; 0.294; 0.076; 0.304
4761.0; 170.429; 0.293; 0.072; 0.302
4764.0; 170.522; 0.291; 0.069; 0.300
4767.0; 170.615; 0.290; 0.066; 0.297
4770.0; 170.708; 0.289; 0.062; 0.295
4773.0; 170.801; 0.287; 0.059; 0.294
4776.0; 170.893; 0.286; 0.056; 0.292
4779.0; 170.986; 0.285; 0.054; 0.290
4782.0; 171.078; 0.284; 0.051; 0.288
4785.0; 171.171; 0.282; 0.048; 0.286
4788.0; 171.263; 0.281; 0.046; 0.285
4791.0; 171.355; 0.280; 0.044; 0.283
4794.0; 171.448; 0.278; 0.042; 0.281
4797.0; 171.540; 0.277; 0.039; 0.280
4800.0; 171.632; 0.276; 0.037; 0.278
4803.0; 171.724; 0.275; 0.036; 0.277
4806.0; 171.816; 0.273; 0.034; 0.275
4809.0; 171.908; 0.272; 0.032; 0.274
4812.0; 172.000; 0.271; 0.030; 0.272
4815.0; 172.091; 0.270; 0.029; 0.271
4818.0; 172.183; 0.268; 0.027; 0.270
4821.0; 172.274; 0.267; 0.026; 0.268
4824.0; 172.366; 0.266; 0.025; 0.267
4827.0; 172.457; 0.265; 0.024; 0.266
4830.0; 172.549; 0.263; 0.022; 0.264
4833.0; 172.640; 0.262; 0.021; 0.263
4836.0; 172.731; 0.261; 0.020; 0.262
4839.0; 172.823; 0.260; 0.019; 0.260
4842.0; 172.914; 0.259; 0.018; 0.259
4845.0; 173.005; 0.257; 0.017; 0.258
4848.0; 173.096; 0.256; 0.016; 0.257
4851.0; 173.187; 0.255; 0.015; 0.255
4854.0; 173.278; 0.254; 0.015; 0.254
4857.0; 173.368; 0.253; 0.014; 0.253
4860.0; 173.459; 0.252; 0.013; 0.252
4863.0; 173.550; 0.250; 0.012; 0.251
4866.0; 173.640; 0.249; 0.012; 0.249
4869.0; 173.731; 0.248; 0.011; 0.248
4872.0; 173.821; 0.247; 0.011; 0.247
4875.0; 173.912; 0.246; 0.010; 0.246
4878.0; 174.002; 0.245; 0.009; 0.245
4881.0; 174.093; 0.244; 0.009; 0.244
4884.0; 174.183; 0.242; 0.009; 0.243
4887.0; 174.273; 0.241; 0.008; 0.241
4890.0; 174.363; 0.240; 0.008; 0.240
4893.0; 174.453; 0.239; 0.007; 0.239
4896.0; 174.543; 0.238; 0.007; 0.238
4899.0; 174.633; 0.237; 0.006; 0.237
4902.0; 174.723; 0.236; 0.006; 0.236
4905.0; 174.813; 0.235; 0.006; 0.235
4908.0; 174.903; 0.234; 0.005; 0.234
4911.0; 174.992; 0.233; 0.005; 0.233
4914.0; 175.082; 0.231; 0.005; 0.232
4917.0; 175.172; 0.230; 0.005; 0.230
4920.0; 175.261; 0.229; 0.004; 0.229
4923.0; 175.351; 0.228; 0.004; 0.228
4926.0; 175.440; 0.227; 0.004; 0.227
4929.0; 175.530; 0.226; 0.004; 0.226
4932.0; 175.619; 0.225; 0.003; 0.225
4935.0; 175.708; 0.224; 0.003; 0.224
4938.0; 175.797; 0.223; 0.003; 0.223
4941.0; 175.887; 0.222; 0.003; 0.222
4944.0; 175.976; 0.221; 0.003; 0.221
4947.0; 176.065; 0.220; 0.003; 0.220
4950.0; 176.154; 0.219; 0.002; 0.219
4953.0; 176.243; 0.218; 0.002; 0.218
4956.0; 176.332; 0.217; 0.002; 0.217
4959.0; 176.421; 0.216; 0.002; 0.216
4962.0; 176.509; 0.215; 0.002; 0.215
4965.0; 176.598; 0.214; 0.002; 0.214
4968.0; 176.687; 0.213; 0.002; 0.213
4971.0; 176.776; 0.212; 0.002; 0.212
4974.0; 176.864; 0.211; 0.002; 0.211
4977.0; 176.953; 0.210; 0.002; 0.210
4980.0; 177.041; 0.209; 0.001; 0.209
4983.0; 177.130; 0.208; 0.001; 0.208
4986.0; 177.218; 0.207; 0.001; 0.207
4989.0; 177.307; 0.206; 0.001; 0.206
4992.0; 177.395; 0.205; 0.001; 0.205
4995.0; 177.483; 0.204; 0.001; 0.204
4998.0; 177.571; 0.203; 0.001; 0.203
5001.0; 177.660; 0.203; 0.001; 0.203
5004.0; 177.748; 0.202; 0.001; 0.202
5007.0; 177.836; 0.201; 0.001; 0.201
5010.0; 177.924; 0.200; 0.001; 0.200
5013.0; 178.012; 0.199; 0.001; 0.199
5016.0; 178.100; 0.198; 0.001; 0.198
5019.0; 178.188; 0.197; 0.001; 0.197
5022.0; 178.276; 0.196; 0.001; 0.196
5025.0; 178.364; 0.195; 0.001; 0.195
5028.0; 178.451; 0.194; 0.001; 0.194
5031.0; 178.539; 0.193; 0.001; 0.193
5034.0; 178.627; 0.193; 0.001; 0.193
5037.0; 178.714; 0.192; 0.001; 0.192
5040.0; 178.802; 0.191; 0.001; 0.191
5043.0; 178.890; 0.190; 0.001; 0.190
5046.0; 178.977; 0.189; 0.001; 0.189
5049.0; 179.065; 0.188; 0.000; 0.188
5052.0; 179.152; 0.187; 0.000; 0.187
5055.0; 179.239; 0.186; -0.000; 0.186
5058.0; 179.327; 0.186; -0.001; 0.186
5061.0; 179.414; 0.185; -0.001; 0.185
5064.0; 179.501; 0.184; -0.002; 0.184
5067.0; 179.589; 0.183; -0.003; 0.183
5070.0; 179.676; 0.182; -0.004; 0.182
5073.0; 179.763; 0.181; -0.006; 0.181
5076.0; 179.850; 0.180; -0.008; 0.181
5079.0; 179.937; 0.180; -0.011; 0.180
5082.0; 180.024; 0.179; -0.014; 0.179
5085.0; 180.111; 0.178; -0.018; 0.179
5088.0; 180.198; 0.177; -0.023; 0.179
5091.0; 180.285; 0.176; -0.030; 0.179
5094.0; 180.372; 0.176; -0.037; 0.179
5097.0; 180.459; 0.175; -0.046; 0.181
5100.0; 180.546; 0.174; -0.057; 0.183
5103.0; 180.632; 0.173; -0.070; 0.187
5106.0; 180.719; 0.172; -0.086; 0.192
5109.0; 180.806; 0.171; -0.104; 0.200
5112.0; 180.892; 0.171; -0.125; 0.212
5115.0; 180.979; 0.170; -0.150; 0.226
5118.0; 181.066; 0.169; -0.178; 0.246
5121.0; 181.152; 0.168; -0.210; 0.269
5124.0; 181.239; 0.167; -0.247; 0.299
5127.0; 181.325; 0.166; -0.288; 0.333
5130.0; 181.412; 0.166; -0.334; 0.373
5133.0; 181.498; 0.165; -0.384; 0.417
5136.0; 181.584; 0.164; -0.437; 0.467
5139.0; 181.671; 0.163; -0.494; 0.520
5142.0; 181.757; 0.162; -0.553; 0.576
5145.0; 181.843; 0.161; -0.612; 0.633
5148.0; 181.930; 0.159; -0.670; 0.689
5151.0; 182.016; 0.158; -0.725; 0.742
5154.0; 182.102; 0.157; -0.772; 0.788
5157.0; 182.188; 0.156; -0.809; 0.824
5160.0; 182.274; 0.155; -0.831; 0.846
5163.0; 182.361; 0.155; -0.834; 0.848
5166.0; 182.447; 0.154; -0.811; 0.825
5169.0; 182.533; -1.595; -0.759; 1.766
5172.0; 182.620; -5.057; -0.664; 5.100
5175.0; 182.708; -8.632; -0.523; 8.648
5178.0; 182.799; -10.659; -0.336; 10.665
5181.0; 182.892; -10.609; -0.136; 10.610
5184.0; 182.989; -10.536; 0.000; 10.536
5187.0; 183.089; -10.328; 0.300; 10.332
5190.0; 183.192; -9.993; 0.898; 10.034
5193.0; 183.299; -9.429; 1.860; 9.610
5196.0; 183.410; -8.466; 3.234; 9.063
5199.0; 183.524; -6.887; 4.974; 8.495
5202.0; 183.642; -5.199; 6.324; 8.187
5205.0; 183.762; -4.109; 6.957; 8.080
5208.0; 183.886; -3.629; 7.165; 8.032
5211.0; 184.013; -3.471; 7.205; 7.997
5214.0; 184.143; -1.216; 7.346; 7.446
5217.0; 184.274; -1.226; 7.358; 7.459
5220.0; 184.405; -0.006; 7.297; 7.297
5223.0; 184.536; -0.008; 7.301; 7.301
5226.0; 184.666; -0.008; 7.304; 7.304
5229.0; 184.793; -0.008; 7.305; 7.305
5232.0; 184.916; -0.006; 7.306; 7.306
5235.0; 185.032; -0.005; 7.306; 7.306
5238.0; 185.141; -0.004; 7.306; 7.306
5241.0; 185.250; -0.001; 7.306; 7.306
5244.0; 185.365; 0.001; 7.305; 7.305
5247.0; 185.488; 0.005; 7.304; 7.304
5250.0; 185.617; 0.009; 7.302; 7.302
5253.0; 185.747; 0.015; 7.298; 7.298
5256.0; 185.878; 0.022; 7.292; 7.292
5259.0; 186.008; 0.032; 7.282; 7.282
5262.0; 186.138; 0.046; 7.261; 7.261
5265.0; 186.267; 0.071; 7.213; 7.213
5268.0; 186.394; 0.116; 7.087; 7.088
5271.0; 186.520; 0.203; 6.718; 6.721
5274.0; 186.645; 0.357; 5.680; 5.691
5277.0; 186.769; 0.549; 3.425; 3.469
5280.0; 186.892; 0.647; 0.265; 0.699
5283.0; 187.015; 0.603; -2.322; 2.399
5286.0; 187.137; 0.524; -3.791; 3.827
5289.0; 187.258; 0.459; -4.612; 4.635
5292.0; 187.378; 0.414; -5.077; 5.094
5295.0; 187.498; 0.386; -5.343; 5.357
5298.0; 187.618; 0.368; -5.496; 5.508
5301.0; 187.737; 0.357; -5.584; 5.596
5304.0; 187.856; 0.350; -5.638; 5.648
5307.0; 187.975; 0.345; -5.672; 5.682
5310.0; 188.093; 0.342; -5.697; 5.707
5313.0; 188.211; 0.338; -5.718; 5.728
5316.0; 188.329; 0.335; -5.739; 5.748
5319.0; 188.447; 0.331; -5.761; 5.770
5322.0; 188.565; 0.327; -5.785; 5.794
5325.0; 188.682; 0.323; -5.812; 5.821
5328.0; 188.800; 0.319; -5.842; 5.851
5331.0; 188.917; 0.314; -5.874; 5.883
5334.0; 189.033; 0.309; -5.909; 5.917
5337.0; 189.150; 0.304; -5.946; 5.953
5340.0; 189.266; 0.298; -5.983; 5.991
5343.0; 189.383; 0.293; -6.021; 6.028
5346.0; 189.499; 0.287; -6.057; 6.064
5349.0; 189.614; 0.282; -6.089; 6.096
5352.0; 189.730; 0.278; -6.113; 6.119
5355.0; 189.845; 0.277; -6.121; 6.127
5358.0; 189.960; 0.279; -6.100; 6.106
5361.0; 190.075; 0.287; -6.028; 6.035
5364.0; 190.189; 0.303; -5.894; 5.902
5367.0; 190.303; 0.325; -5.693; 5.702
5370.0; 190.417; 0.354; -5.401; 5.413
5373.0; 190.531; 0.391; -4.998; 5.013
5376.0; 190.645; 0.431; -4.483; 4.504
5379.0; 190.758; 0.472; -3.858; 3.887
5382.0; 190.871; 0.511; -3.125; 3.167
5385.0; 190.985; 0.543; -2.296; 2.360
5388.0; 191.098; 0.566; -1.388; 1.499
5391.0; 191.213; 0.576; -0.424; 0.716
5394.0; 191.328; 0.573; 0.567; 0.806
5397.0; 191.444; 0.555; 1.551; 1.647
5400.0; 191.562; 0.524; 2.494; 2.548
5403.0; 191.681; 0.483; 3.361; 3.395
5406.0; 191.798; 0.437; 4.124; 4.147
5409.0; 191.914; 0.389; 4.764; 4.780
5412.0; 192.025; 0.343; 5.281; 5.292
5415.0; 192.134; 0.303; 5.683; 5.691
5418.0; 192.239; 0.268; 5.986; 5.992
5421.0; 192.343; 0.241; 6.204; 6.209
5424.0; 192.446; 0.222; 6.344; 6.348
5427.0; 192.550; 0.214; 6.402; 6.406
5430.0; 192.655; 0.216; 6.392; 6.395
5433.0; 192.762; 0.222; 6.340; 6.344
5436.0; 192.870; 0.232; 6.262; 6.266
5439.0; 192.979; 0.244; 6.162; 6.167
5442.0; 193.090; 0.257; 6.045; 6.051
5445.0; 193.202; 0.271; 5.912; 5.919
5448.0; 193.314; 0.287; 5.764; 5.771
5451.0; 193.428; 0.302; 5.600; 5.608
5454.0; 193.541; 0.318; 5.422; 5.431
5457.0; 193.654; 0.335; 5.228; 5.239
5460.0; 193.767; 0.351; 5.020; 5.032
5463.0; 193.880; 0.367; 4.797; 4.812
5466.0; 193.993; 0.383; 4.561; 4.578
5469.0; 194.105; 0.399; 4.312; 4.331
5472.0; 194.217; 0.414; 4.051; 4.072
5475.0; 194.328; 0.428; 3.778; 3.802
5478.0; 194.440; 0.441; 3.494; 3.522
5481.0; 194.551; 0.454; 3.201; 3.233
5484.0; 194.662; 0.465; 2.900; 2.937
5487.0; 194.772; 0.474; 2.592; 2.635
5490.0; 194.882; 0.483; 2.279; 2.329
5493.0; 194.992; 0.490; 1.963; 2.023
5496.0; 195.102; 0.495; 1.647; 1.720
5499.0; 195.211; 0.499; 1.336; 1.426
5502.0; 195.320; 0.502; 1.036; 1.152
5505.0; 195.429; 0.503; 0.758; 0.910
5508.0; 195.538; 0.503; 0.517; 0.721
5511.0; 195.646; 0.501; 0.339; 0.605
5514.0; 195.754; 0.499; 0.226; 0.548
5517.0; 195.862; 0.497; 0.155; 0.521
5520.0; 195.970; 0.495; 0.110; 0.507
5523.0; 196.077; 0.493; 0.082; 0.500
5526.0; 196.185; 0.491; 0.063; 0.495
5529.0; 196.292; 0.488; 0.051; 0.491
5532.0; 196.398; 0.486; 0.043; 0.488
5535.0; 196.505; 0.484; 0.037; 0.485
5538.0; 196.611; 0.482; 0.033; 0.483
5541.0; 196.718; 0.480; 0.030; 0.480
5544.0; 196.824; 0.477; 0.028; 0.478
5547.0; 196.930; 0.475; 0.026; 0.476
5550.0; 197.035; 0.473; 0.025; 0.474
5553.0; 197.141; 0.471; 0.023; 0.471
5556.0; 197.246; 0.469; 0.022; 0.469
5559.0; 197.351; 0.466; 0.021; 0.467
5562.0; 197.456; 0.464; 0.020; 0.465
5565.0; 197.561; 0.462; 0.019; 0.463
5568.0; 197.666; 0.460; 0.018; 0.460
5571.0; 197.770; 0.458; 0.017; 0.458
5574.0; 197.875; 0.456; 0.016; 0.456
5577.0; 197.979; 0.454; 0.016; 0.454
5580.0; 198.083; 0.452; 0.015; 0.452
5583.0; 198.187; 0.450; 0.014; 0.450
5586.0; 198.290; 0.447; 0.013; 0.448
5589.0; 198.394; 0.445; 0.013; 0.446
5592.0; 198.497; 0.443; 0.012; 0.444
5595.0; 198.600; 0.441; 0.012; 0.442
5598.0; 198.703; 0.439; 0.011; 0.439
5601.0; 198.806; 0.437; 0.011; 0.437
5604.0; 198.909; 0.435; 0.010; 0.435
5607.0; 199.011; 0.433; 0.010; 0.433
5610.0; 199.114; 0.431; 0.009; 0.431
5613.0; 199.216; 0.429; 0.009; 0.429
5616.0; 199.318; 0.427; 0.008; 0.427
5619.0; 199.420; 0.425; 0.008; 0.425
5622.0; 199.522; 0.423; 0.008; 0.423
5625.0; 199.624; 0.421; 0.007; 0.422
5628.0; 199.725; 0.420; 0.007; 0.420
5631.0; 199.826; 0.418; 0.007; 0.418
5634.0; 199.928; 0.416; 0.006; 0.416
5637.0; 200.029; 0.414; 0.006; 0.414
5640.0; 200.130; 0.412; 0.006; 0.412
5643.0; 200.230; 0.410; 0.005; 0.410
5646.0; 200.331; 0.408; 0.005; 0.408
5649.0; 200.432; 0.406; 0.005; 0.406
5652.0; 200.532; 0.404; 0.005; 0.404
5655.0; 200.632; 0.402; 0.004; 0.402
5658.0; 200.732; 0.401; 0.004; 0.401
5661.0; 200.832; 0.399; 0.004; 0.399
5664.0; 200.932; 0.397; 0.004; 0.397
5667.0; 201.032; 0.395; 0.004; 0.395
5670.0; 201.131; 0.393; 0.004; 0.393
5673.0; 201.231; 0.391; 0.003; 0.392
5676.0; 201.330; 0.390; 0.003; 0.390
5679.0; 201.429; 0.388; 0.003; 0.388
5682.0; 201.528; 0.386; 0.003; 0.386
5685.0; 201.627; 0.384; 0.003; 0.384
5688.0; 201.726; 0.383; 0.003; 0.383
5691.0; 201.825; 0.381; 0.003; 0.381
5694.0; 201.923; 0.379; 0.002; 0.379
5697.0; 202.022; 0.377; 0.002; 0.377
5700.0; 202.120; 0.376; 0.002; 0.376
5703.0; 202.218; 0.374; 0.002; 0.374
5706.0; 202.316; 0.372; 0.002; 0.372
5709.0; 202.414; 0.370; 0.002; 0.370
5712.0; 202.512; 0.369; 0.002; 0.369
5715.0; 202.610; 0.367; 0.002; 0.367
5718.0; 202.707; 0.365; 0.002; 0.365
5721.0; 202.805; 0.364; 0.002; 0.364
5724.0; 202.902; 0.362; 0.002; 0.362
5727.0; 203.000; 0.360; 0.001; 0.360
5730.0; 203.097; 0.359; 0.001; 0.359
5733.0; 203.194; 0.357; 0.001; 0.357
5736.0; 203.291; 0.355; 0.001; 0.355
5739.0; 203.388; 0.354; 0.001; 0.354
5742.0; 203.484; 0.352; 0.001; 0.352
5745.0; 203.581; 0.350; 0.001; 0.350
5748.0; 203.677; 0.349; 0.001; 0.349
5751.0; 203.774; 0.347; 0.001; 0.347
5754.0; 203.870; 0.346; 0.001; 0.346
5757.0; 203.966; 0.344; 0.001; 0.344
5760.0; 204.062; 0.342; 0.001; 0.342
5763.0; 204.158; 0.341; 0.001; 0.341
5766.0; 204.254; 0.339; 0.001; 0.339
5769.0; 204.350; 0.338; 0.001; 0.338
5772.0; 204.446; 0.336; 0.001; 0.336
5775.0; 204.541; 0.335; 0.001; 0.335
5778.0; 204.637; 0.333; 0.001; 0.333
5781.0; 204.732; 0.332; 0.001; 0.332
5784.0; 204.828; 0.330; 0.001; 0.330
5787.0; 204.923; 0.329; 0.001; 0.329
5790.0; 205.018; 0.327; 0.001; 0.327
5793.0; 205.113; 0.326; 0.001; 0.326
