# s_m; t_s; delta_rad; f_drive_N; f_brake_N; gamma_y_N
0.0; 0.000; 0.00000; 1000.0; -0.0; 0.1
3.0; 0.095; 0.00000; 1000.0; -0.0; 0.1
6.0; 0.190; 0.00000; 1000.0; -0.0; 0.1
9.0; 0.285; 0.00000; 1000.0; -0.0; 0.1
12.0; 0.379; 0.00000; 1000.0; -0.0; 0.1
15.0; 0.474; 0.00000; 1000.0; -0.0; 0.1
18.0; 0.568; 0.00000; 1000.0; -0.0; 0.0
21.0; 0.663; 0.00000; 1000.0; -0.0; 0.0
24.0; 0.757; 0.00000; 1000.0; -0.0; 0.0
27.0; 0.851; 0.00000; 1000.0; -0.0; 0.0
30.0; 0.945; 0.00000; 1000.0; -0.0; 0.0
33.0; 1.039; 0.00000; 1000.0; -0.0; 0.0
36.0; 1.133; 0.00000; 1000.0; -0.0; 0.0
39.0; 1.227; 0.00000; 1000.0; -0.0; 0.0
42.0; 1.321; 0.00000; 1000.0; -0.0; 0.0
45.0; 1.415; 0.00000; 1000.0; -0.0; 0.0
48.0; 1.508; 0.00000; 1000.0; -0.0; 0.0
51.0; 1.602; 0.00000; 1000.0; -0.0; 0.0
54.0; 1.695; 0.00000; 1000.0; -0.0; 0.0
57.0; 1.789; 0.00000; 1000.0; -0.0; 0.0
60.0; 1.882; 0.00000; 1000.0; -0.0; 0.0
63.0; 1.975; 0.00000; 1000.0; -0.0; 0.0
66.0; 2.068; 0.00000; 1000.0; -0.0; 0.0
69.0; 2.161; 0.00000; 1000.0; -0.0; 0.0
72.0; 2.254; 0.00000; 1000.0; -0.0; 0.0
75.0; 2.347; 0.00000; 1000.0; -0.0; 0.0
78.0; 2.440; 0.00000; 1000.0; -0.0; 0.0
81.0; 2.533; 0.00000; 1000.0; -0.0; 0.0
84.0; 2.626; 0.00000; 1000.0; -0.0; 0.0
87.0; 2.718; 0.00000; 1000.0; -0.0; 0.0
90.0; 2.811; 0.00000; 1000.0; -0.0; 0.0
93.0; 2.903; 0.00000; 1000.0; -0.0; 0.0
96.0; 2.995; 0.00000; 1000.0; -0.0; 0.0
99.0; 3.088; 0.00000; 1000.0; -0.0; 0.0
102.0; 3.180; 0.00000; 1000.0; -0.0; 0.0
105.0; 3.272; 0.00000; 1000.0; -0.0; 0.0
108.0; 3.364; 0.00000; 1000.0; -0.0; 0.0
111.0; 3.456; 0.00000; 1000.0; -0.0; 0.0
114.0; 3.548; 0.00000; 1000.0; -0.0; 0.0
117.0; 3.640; 0.00000; 1000.0; -0.0; 0.0
120.0; 3.732; 0.00000; 1000.0; -0.0; 0.0
123.0; 3.824; 0.00000; 1000.0; -0.0; 0.0
126.0; 3.915; 0.00000; 1000.0; -0.0; 0.0
129.0; 4.007; 0.00000; 1000.0; -0.0; 0.0
132.0; 4.098; 0.00000; 1000.0; -0.0; 0.0
135.0; 4.190; 0.00000; 1000.0; -0.0; 0.0
138.0; 4.281; 0.00000; 1000.0; -0.0; 0.0
141.0; 4.372; 0.00000; 1000.0; -0.0; 0.0
144.0; 4.464; 0.00000; 1000.0; -0.0; 0.0
147.0; 4.555; 0.00000; 1000.0; -0.0; 0.0
150.0; 4.646; 0.00000; 1000.0; -0.0; 0.0
153.0; 4.737; 0.00000; 1000.0; -0.0; 0.0
156.0; 4.828; 0.00000; 1000.0; -0.0; 0.0
159.0; 4.919; 0.00000; 1000.0; -0.0; 0.0
162.0; 5.010; 0.00000; 1000.0; -0.0; 0.0
165.0; 5.101; 0.00000; 1000.0; -0.0; 0.0
168.0; 5.191; 0.00000; 1000.0; -0.0; 0.0
171.0; 5.282; 0.00000; 1000.0; -0.0; 0.0
174.0; 5.373; 0.00000; 1000.0; -0.0; 0.0
177.0; 5.463; 0.00000; 1000.0; -0.0; 0.0
180.0; 5.554; 0.00000; 1000.0; -0.0; 0.0
183.0; 5.644; 0.00000; 1000.0; -0.0; 0.0
186.0; 5.734; 0.00000; 1000.0; -0.0; 0.0
189.0; 5.825; 0.00000; 1000.0; -0.0; 0.0
192.0; 5.915; 0.00000; 1000.0; -0.0; 0.0
195.0; 6.005; 0.00000; 1000.0; -0.0; 0.0
198.0; 6.095; 0.00000; 1000.0; -0.0; 0.0
201.0; 6.185; 0.00000; 1000.0; -0.0; 0.0
204.0; 6.275; 0.00000; 1000.0; -0.0; 0.0
207.0; 6.365; 0.00000; 1000.0; -0.0; 0.0
210.0; 6.455; 0.00000; 1000.0; -0.0; 0.0
213.0; 6.545; 0.00000; 1000.0; -0.0; 0.0
216.0; 6.635; 0.00000; 1000.0; -0.0; 0.0
219.0; 6.725; 0.00000; 1000.0; -0.0; 0.0
222.0; 6.814; 0.00000; 1000.0; -0.0; 0.0
225.0; 6.904; 0.00000; 1000.0; -0.0; 0.0
228.0; 6.993; 0.00000; 1000.0; -0.0; 0.0
231.0; 7.083; 0.00000; 1000.0; -0.0; 0.0
234.0; 7.172; 0.00000; 1000.0; -0.0; 0.0
237.0; 7.262; 0.00000; 1000.0; -0.0; 0.0
240.0; 7.351; 0.00000; 1000.0; -0.0; 0.0
243.0; 7.440; 0.00000; 1000.0; -0.0; 0.0
246.0; 7.530; 0.00000; 1000.0; -0.0; 0.0
249.0; 7.619; 0.00000; 1000.0; -0.0; 0.0
252.0; 7.708; 0.00000; 1000.0; -0.0; 0.0
255.0; 7.797; 0.00000; 1000.0; -0.0; 0.0
258.0; 7.886; 0.00000; 1000.0; -0.0; 0.0
261.0; 7.975; 0.00000; 1000.0; -0.0; 0.0
264.0; 8.064; 0.00000; 1000.0; -0.0; 0.0
267.0; 8.153; 0.00000; 1000.0; -0.0; 0.0
270.0; 8.242; 0.00000; 1000.0; -0.0; 0.0
273.0; 8.330; 0.00000; 1000.0; -0.0; 0.0
276.0; 8.419; 0.00000; 1000.0; -0.0; 0.0
279.0; 8.508; 0.00000; 1000.0; -0.0; 0.0
282.0; 8.596; 0.00000; 1000.0; -0.0; 0.0
285.0; 8.685; 0.00000; 1000.0; -0.0; 0.0
288.0; 8.774; 0.00000; 1000.0; -0.0; 0.0
291.0; 8.862; 0.00000; 1000.0; -0.0; 0.0
294.0; 8.950; 0.00000; 1000.0; -0.0; 0.0
297.0; 9.039; 0.00000; 1000.0; -0.0; 0.0
300.0; 9.127; 0.00000; 1000.0; -0.0; 0.0
303.0; 9.215; 0.00000; 1000.0; -0.0; 0.1
306.0; 9.304; 0.00000; 1000.0; -0.0; 0.1
309.0; 9.392; 0.00000; 1000.0; -0.0; 0.1
312.0; 9.480; 0.00000; 1000.0; -0.0; 0.1
315.0; 9.568; 0.00000; 1000.0; -0.0; 0.1
318.0; 9.656; 0.00000; 1000.0; -0.0; 0.1
321.0; 9.744; 0.00000; 1000.0; -0.0; 0.1
324.0; 9.832; 0.00000; 1000.0; -0.0; 0.1
327.0; 9.920; 0.00001; 1000.0; -0.0; 0.1
330.0; 10.008; 0.00001; 1000.0; -0.0; 0.1
333.0; 10.096; 0.00001; 1000.0; -0.0; 0.1
336.0; 10.184; 0.00001; 1000.0; -0.0; 0.1
339.0; 10.271; 0.00001; 1000.0; -0.0; 0.1
342.0; 10.359; 0.00001; 1000.0; -0.0; 0.1
345.0; 10.447; 0.00001; 1000.0; -0.0; 0.1
348.0; 10.534; 0.00001; 1000.0; -0.0; 0.2
351.0; 10.622; 0.00001; 1000.0; -0.0; 0.2
354.0; 10.709; 0.00001; 1000.0; -0.0; 0.2
357.0; 10.797; 0.00001; 1000.0; -0.0; 0.2
360.0; 10.884; 0.00001; 1000.0; -0.0; 0.2
363.0; 10.972; 0.00001; 1000.0; -0.0; 0.2
366.0; 11.059; 0.00001; 1000.0; -0.0; 0.2
369.0; 11.146; 0.00002; 1000.0; -0.0; 0.3
372.0; 11.234; 0.00002; 1000.0; -0.0; 0.3
375.0; 11.321; 0.00002; 1000.0; -0.0; 0.3
378.0; 11.408; 0.00002; 1000.0; -0.0; 0.3
381.0; 11.495; 0.00002; 1000.0; -0.0; 0.4
384.0; 11.582; 0.00002; 1000.0; -0.0; 0.4
387.0; 11.669; 0.00003; 1000.0; -0.0; 0.4
390.0; 11.756; 0.00003; 1000.0; -0.0; 0.5
393.0; 11.843; 0.00003; 1000.0; -0.0; 0.5
396.0; 11.930; 0.00003; 1000.0; -0.0; 0.6
399.0; 12.017; 0.00004; 1000.0; -0.0; 0.6
402.0; 12.104; 0.00004; 1000.0; -0.0; 0.7
405.0; 12.191; 0.00004; 1000.0; -0.0; 0.8
408.0; 12.278; 0.00005; 1000.0; -0.0; 0.9
411.0; 12.365; 0.00005; 1000.0; -0.0; 1.0
414.0; 12.451; 0.00006; 1000.0; -0.0; 1.1
417.0; 12.538; 0.00007; 1000.0; -0.0; 1.2
420.0; 12.625; 0.00007; 1000.0; -0.0; 1.3
423.0; 12.711; 0.00008; 1000.0; -0.0; 1.5
426.0; 12.798; 0.00009; 1000.0; -0.0; 1.6
429.0; 12.885; 0.00010; 1000.0; -0.0; 1.8
432.0; 12.971; 0.00011; 1000.0; -0.0; 2.0
435.0; 13.058; 0.00013; 1000.0; -0.0; 2.3
438.0; 13.144; 0.00014; 1000.0; -0.0; 2.6
441.0; 13.231; 0.00016; 1000.0; -0.0; 2.9
444.0; 13.317; 0.00019; 1000.0; -0.0; 3.3
447.0; 13.403; 0.00021; 1000.0; -0.0; 3.8
450.0; 13.490; 0.00024; 1000.0; -0.0; 4.3
453.0; 13.576; 0.00027; 1000.0; -0.0; 4.9
456.0; 13.662; 0.00031; 1000.0; -0.0; 5.6
459.0; 13.748; 0.00035; 1000.0; -0.0; 6.4
462.0; 13.835; 0.00041; 1000.0; -0.0; 7.3
465.0; 13.921; 0.00047; 1000.0; -0.0; 8.3
468.0; 14.007; 0.00053; 1000.0; -0.0; 9.6
471.0; 14.093; 0.00061; 1000.0; -0.0; 11.0
474.0; 14.179; 0.00070; 1000.0; -0.0; 12.6
477.0; 14.265; 0.00081; 1000.0; -0.0; 14.5
480.0; 14.351; 0.00093; 1000.0; -0.0; 16.7
483.0; 14.437; 0.00106; 1000.0; -0.0; 19.1
486.0; 14.522; 0.00122; 1000.0; -0.0; 21.9
489.0; 14.608; 0.00140; 1000.0; -0.0; 25.1
492.0; 14.694; 0.00160; 1000.0; -0.0; 28.8
495.0; 14.780; 0.00182; 1000.0; -0.0; 32.8
498.0; 14.865; 0.00207; 1000.0; -0.0; 37.4
501.0; 14.951; 0.00235; 1000.0; -0.0; 42.5
504.0; 15.036; 0.00266; 1000.0; -0.0; 48.0
507.0; 15.122; 0.00299; 1000.0; -0.0; 54.1
510.0; 15.207; 0.00334; 1000.0; -0.0; 60.6
513.0; 15.293; 0.00372; 1000.0; -0.0; 67.5
516.0; 15.378; 0.00411; 1000.0; -0.0; 74.7
519.0; 15.464; 0.00451; 1000.0; -0.0; 82.0
522.0; 15.549; 0.00490; 1000.0; -0.0; 89.3
525.0; 15.635; 0.00527; 1000.0; -0.0; 96.2
528.0; 15.720; 0.00559; 1000.0; -0.0; 102.4
531.0; 15.805; 0.00585; 1000.0; -0.0; 107.5
534.0; 15.891; 0.00602; 1000.0; -0.0; 110.9
537.0; 15.976; 0.00605; 1000.0; -0.0; 112.0
540.0; 16.061; 0.00591; 1000.0; -0.0; 110.0
543.0; 16.147; 0.00554; 1000.0; -0.0; 104.1
546.0; 16.232; 0.00490; 1000.0; -0.0; 93.1
549.0; 16.317; 0.00392; 1000.0; -0.0; 76.1
552.0; 16.402; 0.00253; 1000.0; -0.0; 51.7
555.0; 16.488; 0.00066; 1000.0; -0.0; 18.8
558.0; 16.573; -0.00175; 1000.0; -0.0; -24.1
561.0; 16.658; -0.00476; 1000.0; -0.0; -78.1
564.0; 16.744; -0.00845; 1000.0; -0.0; -144.0
567.0; 16.829; -0.01285; 999.9; -0.1; -222.3
570.0; 16.914; -0.01799; 29.8; -586.8; -313.2
573.0; 17.000; -0.02390; 5.0; -3079.1; -411.7
576.0; 17.086; -0.03057; 2.8; -5274.5; -513.8
579.0; 17.173; -0.03794; 0.0; -5817.6; -614.4
582.0; 17.263; -0.04682; 0.0; -5126.0; -717.9
585.0; 17.354; -0.05712; 0.0; -4355.7; -816.8
588.0; 17.448; -0.06736; 0.0; -3641.3; -894.4
591.0; 17.543; -0.07678; 0.0; -3060.2; -947.1
594.0; 17.639; -0.08511; 0.0; -2631.8; -979.3
597.0; 17.738; -0.09230; 0.0; -2339.3; -997.0
600.0; 17.838; -0.09837; 0.0; -2151.9; -1005.7
603.0; 17.939; -0.10341; 0.0; -2037.3; -1009.0
606.0; 18.042; -0.10752; 0.0; -1969.1; -1009.3
609.0; 18.146; -0.11087; 0.0; -1928.1; -1007.9
612.0; 18.251; -0.11364; 0.0; -1902.5; -1005.8
615.0; 18.358; -0.11603; 0.0; -1884.8; -1003.3
618.0; 18.466; -0.11826; 0.0; -1871.1; -1000.6
621.0; 18.576; -0.12052; 0.0; -1461.7; -1001.3
624.0; 18.686; -0.12276; 0.0; -0.1; -1012.5
627.0; 18.797; -0.12421; 0.0; -0.0; -1013.2
630.0; 18.908; -0.12507; 0.0; -0.0; -1013.1
633.0; 19.018; -0.12550; 591.8; -0.0; -1007.5
636.0; 19.128; -0.12567; 1000.0; -0.0; -1003.7
639.0; 19.237; -0.12570; 1000.0; -0.0; -1003.9
642.0; 19.345; -0.12564; 1000.0; -0.0; -1004.1
645.0; 19.454; -0.12549; 1000.0; -0.0; -1004.2
648.0; 19.562; -0.12531; 1000.0; -0.0; -1004.2
651.0; 19.670; -0.12511; 1000.0; -0.0; -1004.2
654.0; 19.779; -0.12490; 1000.0; -0.0; -1004.1
657.0; 19.887; -0.12468; 1000.0; -0.0; -1004.1
660.0; 19.995; -0.12447; 1000.0; -0.0; -1004.1
663.0; 20.103; -0.12425; 1000.0; -0.0; -1004.0
666.0; 20.212; -0.12402; 1000.0; -0.0; -1004.0
669.0; 20.320; -0.12379; 1000.0; -0.0; -1003.9
672.0; 20.429; -0.12354; 1000.0; -0.0; -1003.9
675.0; 20.538; -0.12323; 1000.0; -0.0; -1003.8
678.0; 20.646; -0.12288; 1000.0; -0.0; -1003.7
681.0; 20.755; -0.12251; 1000.0; -0.0; -1003.5
684.0; 20.864; -0.12212; 1000.0; -0.0; -1003.4
687.0; 20.972; -0.12172; 1000.0; -0.0; -1003.2
690.0; 21.081; -0.12131; 1000.0; -0.0; -1003.0
693.0; 21.189; -0.12088; 1000.0; -0.0; -1002.8
696.0; 21.298; -0.12045; 1000.0; -0.0; -1002.6
699.0; 21.406; -0.12000; 1000.0; -0.0; -1002.3
702.0; 21.515; -0.11953; 1000.0; -0.0; -1002.0
705.0; 21.624; -0.11905; 1000.0; -0.0; -1001.7
708.0; 21.733; -0.11855; 1000.0; -0.0; -1001.3
711.0; 21.842; -0.11803; 1000.0; -0.0; -1000.9
714.0; 21.952; -0.11749; 1000.0; -0.0; -1000.4
717.0; 22.062; -0.11692; 1000.0; -0.0; -999.9
720.0; 22.172; -0.11632; 1000.0; -0.0; -999.3
723.0; 22.283; -0.11569; 1000.0; -0.0; -998.7
726.0; 22.394; -0.11503; 1000.0; -0.0; -997.9
729.0; 22.507; -0.11432; 1000.0; 0.0; -997.1
732.0; 22.620; -0.11357; 1000.0; 0.0; -996.1
735.0; 22.734; -0.11277; 1000.0; 0.0; -995.0
738.0; 22.849; -0.11191; 1000.0; 0.0; -993.8
741.0; 22.964; -0.11100; 1000.0; 0.0; -992.3
744.0; 23.078; -0.11001; 1000.0; 0.0; -990.6
747.0; 23.193; -0.10895; 1000.0; 0.0; -988.6
750.0; 23.308; -0.10781; 1000.0; 0.0; -986.3
753.0; 23.422; -0.10656; 1000.0; 0.0; -983.6
756.0; 23.537; -0.10519; 1000.0; 0.0; -980.4
759.0; 23.652; -0.10368; 1000.0; 0.0; -976.5
762.0; 23.767; -0.10201; 1000.0; 0.0; -971.8
765.0; 23.882; -0.10014; 1000.0; 0.0; -966.1
768.0; 23.997; -0.09805; 1000.0; 0.0; -959.0
771.0; 24.112; -0.09571; 1000.0; 0.0; -950.2
774.0; 24.227; -0.09310; 1000.0; 0.0; -939.4
777.0; 24.342; -0.09023; 1000.0; 0.0; -926.2
780.0; 24.458; -0.08719; 1000.0; 0.0; -910.8
783.0; 24.573; -0.08420; 1000.0; 0.0; -894.1
786.0; 24.687; -0.08162; 1000.0; 0.0; -878.6
789.0; 24.802; -0.07949; 1000.0; 0.0; -865.2
792.0; 24.917; -0.07758; 1000.0; 0.0; -852.7
795.0; 25.031; -0.07578; 1000.0; 0.0; -840.4
798.0; 25.145; -0.07401; 1000.0; 0.0; -828.0
801.0; 25.259; -0.07225; 1000.0; 0.0; -815.2
804.0; 25.373; -0.07049; 1000.0; 0.0; -802.0
807.0; 25.486; -0.06872; 1000.0; 0.0; -788.4
810.0; 25.600; -0.06695; 1000.0; 0.0; -774.3
813.0; 25.713; -0.06518; 1000.0; 0.0; -759.7
816.0; 25.825; -0.06341; 1000.0; 0.0; -744.8
819.0; 25.938; -0.06164; 1000.0; 0.0; -729.5
822.0; 26.050; -0.05989; 1000.0; 0.0; -714.0
825.0; 26.162; -0.05815; 1000.0; 0.0; -698.2
828.0; 26.274; -0.05643; 1000.0; 0.0; -682.2
831.0; 26.385; -0.05473; 1000.0; 0.0; -666.1
834.0; 26.496; -0.05306; 1000.0; 0.0; -650.1
837.0; 26.606; -0.05143; 1000.0; 0.0; -634.0
840.0; 26.717; -0.04983; 1000.0; 0.0; -618.0
843.0; 26.827; -0.04828; 1000.0; 0.0; -602.2
846.0; 26.937; -0.04676; 1000.0; 0.0; -586.7
849.0; 27.046; -0.04530; 1000.0; 0.0; -571.3
852.0; 27.155; -0.04388; 1000.0; 0.0; -556.4
855.0; 27.264; -0.04251; 1000.0; 0.0; -541.7
858.0; 27.372; -0.04120; 1000.0; 0.0; -527.5
861.0; 27.480; -0.03993; 1000.0; 0.0; -513.7
864.0; 27.588; -0.03872; 1000.0; 0.0; -500.4
867.0; 27.696; -0.03757; 1000.0; 0.0; -487.6
870.0; 27.803; -0.03647; 1000.0; 0.0; -475.4
873.0; 27.910; -0.03543; 1000.0; 0.0; -463.6
876.0; 28.017; -0.03444; 1000.0; 0.0; -452.5
879.0; 28.123; -0.03351; 1000.0; 0.0; -441.9
882.0; 28.229; -0.03264; 1000.0; 0.0; -431.9
885.0; 28.335; -0.03181; 1000.0; 0.0; -422.5
888.0; 28.440; -0.03105; 1000.0; 0.0; -413.7
891.0; 28.545; -0.03033; 1000.0; 0.0; -405.6
894.0; 28.650; -0.02968; 1000.0; 0.0; -398.0
897.0; 28.755; -0.02907; 1000.0; 0.0; -391.1
900.0; 28.860; -0.02851; 1000.0; 0.0; -384.8
903.0; 28.964; -0.02801; 1000.0; 0.0; -379.1
906.0; 29.068; -0.02756; 1000.0; 0.0; -374.0
909.0; 29.172; -0.02716; 1000.0; 0.0; -369.5
912.0; 29.276; -0.02680; 1000.0; 0.0; -365.6
915.0; 29.379; -0.02650; 1000.0; 0.0; -362.4
918.0; 29.483; -0.02624; 1000.0; 0.0; -359.7
921.0; 29.586; -0.02602; 1000.0; 0.0; -357.6
924.0; 29.689; -0.02585; 1000.0; 0.0; -356.0
927.0; 29.792; -0.02571; 1000.0; 0.0; -354.9
930.0; 29.894; -0.02560; 1000.0; 0.0; -354.1
933.0; 29.996; -0.02550; 1000.0; 0.0; -353.5
936.0; 30.099; -0.02539; 1000.0; 0.0; -352.8
939.0; 30.201; -0.02524; 1000.0; 0.0; -351.5
942.0; 30.303; -0.02497; 1000.0; 0.0; -348.7
945.0; 30.404; -0.02450; 1000.0; 0.0; -343.1
948.0; 30.506; -0.02382; 1000.0; 0.0; -334.7
951.0; 30.607; -0.02303; 1000.0; 0.0; -324.7
954.0; 30.709; -0.02219; 1000.0; 0.0; -313.9
957.0; 30.810; -0.02133; 1000.0; 0.0; -302.8
960.0; 30.911; -0.02048; 1000.0; 0.0; -291.6
963.0; 31.012; -0.01965; 1000.0; 0.0; -280.6
966.0; 31.113; -0.01884; 1000.0; 0.0; -269.8
969.0; 31.214; -0.01805; 1000.0; 0.0; -259.3
972.0; 31.315; -0.01730; 1000.0; 0.0; -249.2
975.0; 31.416; -0.01657; 1000.0; 0.0; -239.4
978.0; 31.516; -0.01588; 1000.0; 0.0; -229.9
981.0; 31.617; -0.01521; 1000.0; 0.0; -220.8
984.0; 31.718; -0.01457; 1000.0; 0.0; -212.1
987.0; 31.818; -0.01396; 1000.0; 0.0; -203.7
990.0; 31.919; -0.01337; 1000.0; 0.0; -195.6
993.0; 32.019; -0.01281; 1000.0; 0.0; -187.8
996.0; 32.119; -0.01227; 1000.0; 0.0; -180.4
999.0; 32.219; -0.01176; 1000.0; 0.0; -173.2
1002.0; 32.319; -0.01127; 1000.0; 0.0; -166.4
1005.0; 32.419; -0.01080; 1000.0; 0.0; -159.9
1008.0; 32.519; -0.01035; 1000.0; 0.0; -153.6
1011.0; 32.619; -0.00993; 1000.0; 0.0; -147.6
1014.0; 32.718; -0.00952; 1000.0; 0.0; -141.8
1017.0; 32.818; -0.00913; 1000.0; 0.0; -136.4
1020.0; 32.917; -0.00876; 1000.0; 0.0; -131.1
1023.0; 33.017; -0.00841; 1000.0; 0.0; -126.1
1026.0; 33.116; -0.00807; 1000.0; 0.0; -121.3
1029.0; 33.215; -0.00776; 1000.0; 0.0; -116.7
1032.0; 33.314; -0.00745; 1000.0; 0.0; -112.4
1035.0; 33.413; -0.00716; 1000.0; 0.0; -108.2
1038.0; 33.511; -0.00689; 1000.0; 0.0; -104.3
1041.0; 33.610; -0.00662; 1000.0; 0.0; -100.5
1044.0; 33.708; -0.00638; 1000.0; 0.0; -96.9
1047.0; 33.807; -0.00614; 1000.0; 0.0; -93.5
1050.0; 33.905; -0.00592; 1000.0; 0.0; -90.3
1053.0; 34.003; -0.00571; 1000.0; 0.0; -87.2
1056.0; 34.101; -0.00551; 1000.0; -0.0; -84.3
1059.0; 34.199; -0.00532; 1000.0; -0.0; -81.5
1062.0; 34.297; -0.00514; 1000.0; -0.0; -78.9
1065.0; 34.395; -0.00497; 1000.0; -0.0; -76.5
1068.0; 34.493; -0.00481; 1000.0; -0.0; -74.1
1071.0; 34.590; -0.00466; 1000.0; -0.0; -72.0
1074.0; 34.687; -0.00452; 1000.0; -0.0; -69.9
1077.0; 34.785; -0.00439; 1000.0; -0.0; -68.0
1080.0; 34.882; -0.00427; 1000.0; -0.0; -66.2
1083.0; 34.979; -0.00415; 1000.0; -0.0; -64.5
1086.0; 35.076; -0.00405; 1000.0; -0.0; -63.0
1089.0; 35.173; -0.00395; 1000.0; -0.0; -61.5
1092.0; 35.270; -0.00386; 1000.0; -0.0; -60.2
1095.0; 35.367; -0.00377; 1000.0; -0.0; -59.0
1098.0; 35.463; -0.00370; 1000.0; -0.0; -57.9
1101.0; 35.560; -0.00363; 1000.0; -0.0; -56.9
1104.0; 35.656; -0.00357; 1000.0; -0.0; -56.0
1107.0; 35.752; -0.00351; 1000.0; -0.0; -55.2
1110.0; 35.848; -0.00346; 1000.0; -0.0; -54.6
1113.0; 35.945; -0.00342; 1000.0; -0.0; -54.0
1116.0; 36.041; -0.00339; 1000.0; -0.0; -53.5
1119.0; 36.136; -0.00336; 1000.0; -0.0; -53.1
1122.0; 36.232; -0.00334; 1000.0; -0.0; -52.9
1125.0; 36.328; -0.00332; 1000.0; -0.0; -52.7
1128.0; 36.424; -0.00331; 1000.0; -0.0; -52.6
1131.0; 36.519; -0.00331; 1000.0; -0.0; -52.6
1134.0; 36.614; -0.00332; 1000.0; -0.0; -52.8
1137.0; 36.710; -0.00333; 1000.0; -0.0; -53.0
1140.0; 36.805; -0.00334; 1000.0; -0.0; -53.3
1143.0; 36.900; -0.00336; 1000.0; -0.0; -53.7
1146.0; 36.995; -0.00339; 1000.0; -0.0; -54.3
1149.0; 37.090; -0.00343; 1000.0; -0.0; -54.9
1152.0; 37.185; -0.00347; 1000.0; -0.0; -55.6
1155.0; 37.279; -0.00352; 1000.0; -0.0; -56.5
1158.0; 37.374; -0.00357; 1000.0; -0.0; -57.4
1161.0; 37.468; -0.00364; 1000.0; -0.0; -58.5
1164.0; 37.562; -0.00370; 1000.0; -0.0; -59.6
1167.0; 37.657; -0.00378; 1000.0; -0.0; -60.9
1170.0; 37.751; -0.00386; 1000.0; -0.0; -62.3
1173.0; 37.844; -0.00395; 1000.0; -0.0; -63.8
1176.0; 37.938; -0.00405; 1000.0; -0.0; -65.4
1179.0; 38.032; -0.00415; 1000.0; -0.0; -67.2
1182.0; 38.125; -0.00426; 1000.0; -0.0; -69.0
1185.0; 38.219; -0.00437; 1000.0; -0.0; -71.0
1188.0; 38.312; -0.00449; 1000.0; -0.0; -73.0
1191.0; 38.406; -0.00461; 1000.0; -0.0; -75.0
1194.0; 38.499; -0.00473; 1000.0; -0.0; -77.0
1197.0; 38.592; -0.00483; 1000.0; -0.0; -78.8
1200.0; 38.685; -0.00492; 1000.0; -0.0; -80.3
1203.0; 38.778; -0.00495; 1000.0; -0.0; -81.1
1206.0; 38.871; -0.00492; 1000.0; -0.0; -80.8
1209.0; 38.964; -0.00482; 1000.0; -0.0; -79.4
1212.0; 39.057; -0.00468; 1000.0; -0.0; -77.3
1215.0; 39.150; -0.00452; 1000.0; -0.0; -74.8
1218.0; 39.242; -0.00435; 1000.0; -0.0; -72.2
1221.0; 39.335; -0.00418; 1000.0; -0.0; -69.5
1224.0; 39.428; -0.00402; 1000.0; -0.0; -66.8
1227.0; 39.520; -0.00385; 1000.0; -0.0; -64.2
1230.0; 39.612; -0.00369; 1000.0; -0.0; -61.6
1233.0; 39.705; -0.00354; 1000.0; -0.0; -59.1
1236.0; 39.797; -0.00339; 1000.0; -0.0; -56.7
1239.0; 39.889; -0.00325; 1000.0; -0.0; -54.5
1242.0; 39.981; -0.00312; 1000.0; -0.0; -52.2
1245.0; 40.074; -0.00299; 1000.0; -0.0; -50.1
1248.0; 40.166; -0.00286; 1000.0; -0.0; -48.1
1251.0; 40.258; -0.00274; 1000.0; -0.0; -46.1
1254.0; 40.349; -0.00263; 1000.0; -0.0; -44.3
1257.0; 40.441; -0.00252; 1000.0; -0.0; -42.5
1260.0; 40.533; -0.00241; 1000.0; -0.0; -40.8
1263.0; 40.625; -0.00231; 1000.0; -0.0; -39.1
1266.0; 40.717; -0.00222; 1000.0; -0.0; -37.5
1269.0; 40.808; -0.00212; 1000.0; -0.0; -36.0
1272.0; 40.900; -0.00204; 1000.0; -0.0; -34.5
1275.0; 40.991; -0.00195; 1000.0; -0.0; -33.1
1278.0; 41.083; -0.00187; 1000.0; -0.0; -31.8
1281.0; 41.174; -0.00179; 1000.0; -0.0; -30.5
1284.0; 41.265; -0.00172; 1000.0; -0.0; -29.2
1287.0; 41.357; -0.00165; 1000.0; -0.0; -28.1
1290.0; 41.448; -0.00158; 1000.0; -0.0; -26.9
1293.0; 41.539; -0.00151; 1000.0; -0.0; -25.8
1296.0; 41.630; -0.00145; 1000.0; -0.0; -24.8
1299.0; 41.721; -0.00139; 1000.0; -0.0; -23.8
1302.0; 41.812; -0.00133; 1000.0; -0.0; -22.8
1305.0; 41.903; -0.00128; 1000.0; -0.0; -21.9
1308.0; 41.994; -0.00122; 1000.0; -0.0; -21.0
1311.0; 42.084; -0.00117; 1000.0; -0.0; -20.1
1314.0; 42.175; -0.00112; 1000.0; -0.0; -19.3
1317.0; 42.266; -0.00108; 1000.0; -0.0; -18.5
1320.0; 42.356; -0.00103; 1000.0; -0.0; -17.8
1323.0; 42.447; -0.00099; 1000.0; -0.0; -17.1
1326.0; 42.537; -0.00095; 1000.0; -0.0; -16.4
1329.0; 42.628; -0.00091; 1000.0; -0.0; -15.7
1332.0; 42.718; -0.00087; 1000.0; -0.0; -15.1
1335.0; 42.809; -0.00083; 1000.0; -0.0; -14.4
1338.0; 42.899; -0.00080; 1000.0; -0.0; -13.9
1341.0; 42.989; -0.00077; 1000.0; -0.0; -13.3
1344.0; 43.079; -0.00073; 1000.0; -0.0; -12.8
1347.0; 43.169; -0.00070; 1000.0; -0.0; -12.2
1350.0; 43.259; -0.00067; 1000.0; -0.0; -11.7
1353.0; 43.349; -0.00065; 1000.0; -0.0; -11.3
1356.0; 43.439; -0.00062; 1000.0; -0.0; -10.8
1359.0; 43.529; -0.00059; 1000.0; -0.0; -10.4
1362.0; 43.619; -0.00057; 1000.0; -0.0; -9.9
1365.0; 43.709; -0.00055; 1000.0; -0.0; -9.5
1368.0; 43.798; -0.00052; 1000.0; -0.0; -9.1
1371.0; 43.888; -0.00050; 1000.0; -0.0; -8.8
1374.0; 43.977; -0.00048; 1000.0; -0.0; -8.4
1377.0; 44.067; -0.00046; 1000.0; -0.0; -8.1
1380.0; 44.156; -0.00044; 1000.0; -0.0; -7.7
1383.0; 44.246; -0.00042; 1000.0; -0.0; -7.4
1386.0; 44.335; -0.00040; 1000.0; -0.0; -7.1
1389.0; 44.424; -0.00039; 1000.0; -0.0; -6.8
1392.0; 44.514; -0.00037; 1000.0; -0.0; -6.5
1395.0; 44.603; -0.00036; 1000.0; -0.0; -6.3
1398.0; 44.692; -0.00034; 1000.0; -0.0; -6.0
1401.0; 44.781; -0.00033; 1000.0; -0.0; -5.8
1404.0; 44.870; -0.00031; 1000.0; -0.0; -5.5
1407.0; 44.959; -0.00030; 1000.0; -0.0; -5.3
1410.0; 45.048; -0.00029; 1000.0; -0.0; -5.1
1413.0; 45.137; -0.00028; 1000.0; -0.0; -4.9
1416.0; 45.226; -0.00026; 1000.0; -0.0; -4.7
1419.0; 45.314; -0.00025; 1000.0; -0.0; -4.5
1422.0; 45.403; -0.00024; 1000.0; -0.0; -4.3
1425.0; 45.492; -0.00023; 1000.0; -0.0; -4.1
1428.0; 45.580; -0.00022; 1000.0; -0.0; -4.0
1431.0; 45.669; -0.00021; 1000.0; -0.0; -3.8
1434.0; 45.757; -0.00020; 1000.0; -0.0; -3.6
1437.0; 45.846; -0.00020; 1000.0; -0.0; -3.5
1440.0; 45.934; -0.00019; 1000.0; -0.0; -3.3
1443.0; 46.023; -0.00018; 1000.0; -0.0; -3.2
1446.0; 46.111; -0.00017; 1000.0; -0.0; -3.1
1449.0; 46.199; -0.00016; 1000.0; -0.0; -2.9
1452.0; 46.288; -0.00016; 1000.0; -0.0; -2.8
1455.0; 46.376; -0.00015; 1000.0; -0.0; -2.7
1458.0; 46.464; -0.00014; 1000.0; -0.0; -2.6
1461.0; 46.552; -0.00014; 1000.0; -0.0; -2.5
1464.0; 46.640; -0.00013; 1000.0; -0.0; -2.4
1467.0; 46.728; -0.00013; 1000.0; -0.0; -2.3
1470.0; 46.816; -0.00012; 1000.0; -0.0; -2.2
1473.0; 46.904; -0.00012; 1000.0; -0.0; -2.1
1476.0; 46.992; -0.00011; 1000.0; -0.0; -2.0
1479.0; 47.080; -0.00011; 1000.0; -0.0; -1.9
1482.0; 47.167; -0.00010; 1000.0; -0.0; -1.8
1485.0; 47.255; -0.00010; 1000.0; -0.0; -1.8
1488.0; 47.343; -0.00009; 1000.0; -0.0; -1.7
1491.0; 47.430; -0.00009; 1000.0; -0.0; -1.6
1494.0; 47.518; -0.00009; 1000.0; -0.0; -1.6
1497.0; 47.606; -0.00008; 1000.0; -0.0; -1.5
1500.0; 47.693; -0.00008; 1000.0; -0.0; -1.4
1503.0; 47.781; -0.00008; 1000.0; -0.0; -1.4
1506.0; 47.868; -0.00007; 1000.0; -0.0; -1.3
1509.0; 47.956; -0.00007; 1000.0; -0.0; -1.3
1512.0; 48.043; -0.00007; 1000.0; -0.0; -1.2
1515.0; 48.130; -0.00006; 1000.0; -0.0; -1.2
1518.0; 48.217; -0.00006; 1000.0; -0.0; -1.1
1521.0; 48.305; -0.00006; 1000.0; -0.0; -1.1
1524.0; 48.392; -0.00006; 1000.0; -0.0; -1.0
1527.0; 48.479; -0.00005; 1000.0; -0.0; -1.0
1530.0; 48.566; -0.00005; 1000.0; -0.0; -0.9
1533.0; 48.653; -0.00005; 1000.0; -0.0; -0.9
1536.0; 48.740; -0.00005; 1000.0; -0.0; -0.9
1539.0; 48.827; -0.00004; 1000.0; -0.0; -0.8
1542.0; 48.914; -0.00004; 1000.0; -0.0; -0.8
1545.0; 49.001; -0.00004; 1000.0; -0.0; -0.7
1548.0; 49.088; -0.00004; 1000.0; -0.0; -0.7
1551.0; 49.175; -0.00004; 1000.0; -0.0; -0.7
1554.0; 49.262; -0.00004; 1000.0; -0.0; -0.7
1557.0; 49.348; -0.00003; 1000.0; -0.0; -0.6
1560.0; 49.435; -0.00003; 1000.0; -0.0; -0.6
1563.0; 49.522; -0.00003; 1000.0; -0.0; -0.6
1566.0; 49.609; -0.00003; 1000.0; -0.0; -0.6
1569.0; 49.695; -0.00003; 1000.0; -0.0; -0.5
1572.0; 49.782; -0.00003; 1000.0; -0.0; -0.5
1575.0; 49.868; -0.00003; 1000.0; -0.0; -0.5
1578.0; 49.955; -0.00003; 1000.0; -0.0; -0.5
1581.0; 50.041; -0.00002; 1000.0; -0.0; -0.4
1584.0; 50.128; -0.00002; 1000.0; -0.0; -0.4
1587.0; 50.214; -0.00002; 1000.0; -0.0; -0.4
1590.0; 50.300; -0.00002; 1000.0; -0.0; -0.4
1593.0; 50.387; -0.00002; 1000.0; -0.0; -0.4
1596.0; 50.473; -0.00002; 1000.0; -0.0; -0.4
1599.0; 50.559; -0.00002; 1000.0; -0.0; -0.3
1602.0; 50.646; -0.00002; 1000.0; -0.0; -0.3
1605.0; 50.732; -0.00002; 1000.0; -0.0; -0.3
1608.0; 50.818; -0.00002; 1000.0; -0.0; -0.3
1611.0; 50.904; -0.00002; 1000.0; -0.0; -0.3
1614.0; 50.990; -0.00001; 1000.0; -0.0; -0.3
1617.0; 51.076; -0.00001; 1000.0; -0.0; -0.3
1620.0; 51.162; -0.00001; 1000.0; -0.0; -0.2
1623.0; 51.248; -0.00001; 1000.0; -0.0; -0.2
1626.0; 51.334; -0.00001; 1000.0; -0.0; -0.2
1629.0; 51.420; -0.00001; 1000.0; -0.0; -0.2
1632.0; 51.506; -0.00001; 1000.0; -0.0; -0.2
1635.0; 51.592; -0.00001; 1000.0; -0.0; -0.2
1638.0; 51.678; -0.00001; 1000.0; -0.0; -0.2
1641.0; 51.763; -0.00001; 1000.0; -0.0; -0.2
1644.0; 51.849; -0.00001; 1000.0; -0.0; -0.2
1647.0; 51.935; -0.00001; 1000.0; -0.0; -0.2
1650.0; 52.021; -0.00001; 1000.0; -0.0; -0.2
1653.0; 52.106; -0.00001; 1000.0; -0.0; -0.1
1656.0; 52.192; -0.00001; 1000.0; -0.0; -0.1
1659.0; 52.277; -0.00001; 1000.0; -0.0; -0.1
1662.0; 52.363; -0.00001; 1000.0; -0.0; -0.1
1665.0; 52.449; -0.00001; 1000.0; -0.0; -0.1
1668.0; 52.534; -0.00001; 1000.0; -0.0; -0.1
1671.0; 52.620; -0.00001; 1000.0; -0.0; -0.1
1674.0; 52.705; -0.00001; 1000.0; -0.0; -0.1
1677.0; 52.790; -0.00001; 1000.0; -0.0; -0.1
1680.0; 52.876; -0.00001; 1000.0; -0.0; -0.1
1683.0; 52.961; -0.00000; 1000.0; -0.0; -0.1
1686.0; 53.046; -0.00000; 1000.0; -0.0; -0.1
1689.0; 53.132; -0.00000; 1000.0; -0.0; -0.1
1692.0; 53.217; -0.00000; 1000.0; -0.0; -0.1
1695.0; 53.302; -0.00000; 1000.0; -0.0; -0.1
1698.0; 53.387; -0.00000; 1000.0; -0.0; -0.1
1701.0; 53.472; -0.00000; 1000.0; -0.0; -0.1
1704.0; 53.558; -0.00000; 1000.0; -0.0; -0.1
1707.0; 53.643; -0.00000; 1000.0; -0.0; -0.1
1710.0; 53.728; -0.00000; 1000.0; -0.0; -0.1
1713.0; 53.813; -0.00000; 1000.0; -0.0; -0.1
1716.0; 53.898; -0.00000; 1000.0; -0.0; -0.1
1719.0; 53.983; -0.00000; 1000.0; -0.0; -0.0
1722.0; 54.068; -0.00000; 1000.0; -0.0; -0.0
1725.0; 54.153; -0.00000; 1000.0; -0.0; -0.0
1728.0; 54.238; -0.00000; 1000.0; -0.0; -0.0
1731.0; 54.322; -0.00000; 1000.0; -0.0; -0.0
1734.0; 54.407; -0.00000; 1000.0; -0.0; -0.0
1737.0; 54.492; -0.00000; 1000.0; -0.0; -0.0
1740.0; 54.577; -0.00000; 1000.0; -0.0; -0.0
1743.0; 54.662; -0.00000; 1000.0; -0.0; -0.0
1746.0; 54.746; -0.00000; 1000.0; -0.0; -0.0
1749.0; 54.831; -0.00000; 1000.0; -0.0; -0.0
1752.0; 54.916; -0.00000; 1000.0; -0.0; -0.0
1755.0; 55.000; -0.00000; 1000.0; -0.0; -0.0
1758.0; 55.085; -0.00000; 1000.0; -0.0; -0.0
1761.0; 55.170; -0.00000; 1000.0; -0.0; -0.0
1764.0; 55.254; -0.00000; 1000.0; -0.0; -0.0
1767.0; 55.339; -0.00000; 1000.0; -0.0; -0.0
1770.0; 55.423; -0.00000; 1000.0; -0.0; -0.0
1773.0; 55.508; -0.00000; 1000.0; -0.0; -0.0
1776.0; 55.592; -0.00000; 1000.0; -0.0; -0.0
1779.0; 55.677; -0.00000; 1000.0; -0.0; -0.0
1782.0; 55.761; -0.00000; 1000.0; -0.0; -0.0
1785.0; 55.845; -0.00000; 1000.0; -0.0; -0.0
1788.0; 55.930; -0.00000; 1000.0; -0.0; -0.0
1791.0; 56.014; -0.00000; 1000.0; -0.0; -0.0
1794.0; 56.098; -0.00000; 1000.0; -0.0; -0.0
1797.0; 56.183; -0.00000; 1000.0; -0.0; -0.0
1800.0; 56.267; -0.00000; 1000.0; -0.0; -0.0
1803.0; 56.351; -0.00000; 1000.0; -0.0; -0.0
1806.0; 56.435; -0.00000; 1000.0; -0.0; -0.0
1809.0; 56.519; -0.00000; 1000.0; -0.0; -0.0
1812.0; 56.604; -0.00000; 1000.0; -0.0; -0.0
1815.0; 56.688; -0.00000; 1000.0; -0.0; -0.0
1818.0; 56.772; -0.00000; 1000.0; -0.0; -0.0
1821.0; 56.856; -0.00000; 1000.0; -0.0; -0.0
1824.0; 56.940; 0.00000; 1000.0; -0.0; 0.0
1827.0; 57.024; 0.00000; 1000.0; -0.0; 0.0
1830.0; 57.108; 0.00000; 1000.0; -0.0; 0.0
1833.0; 57.192; 0.00000; 1000.0; -0.0; 0.0
1836.0; 57.276; 0.00000; 1000.0; -0.0; 0.0
1839.0; 57.360; 0.00000; 1000.0; -0.0; 0.0
1842.0; 57.444; 0.00000; 1000.0; -0.0; 0.0
1845.0; 57.528; 0.00000; 1000.0; -0.0; 0.0
1848.0; 57.612; 0.00000; 1000.0; -0.0; 0.0
1851.0; 57.696; 0.00000; 1000.0; -0.0; 0.0
1854.0; 57.780; 0.00000; 1000.0; -0.0; 0.0
1857.0; 57.864; 0.00000; 1000.0; -0.0; 0.0
1860.0; 57.947; 0.00000; 1000.0; -0.0; 0.0
1863.0; 58.031; 0.00000; 1000.0; -0.0; 0.0
1866.0; 58.115; 0.00000; 1000.0; -0.0; 0.0
1869.0; 58.199; 0.00000; 1000.0; -0.0; 0.0
1872.0; 58.283; 0.00000; 1000.0; -0.0; 0.0
1875.0; 58.366; 0.00000; 1000.0; -0.0; 0.0
1878.0; 58.450; 0.00000; 1000.0; -0.0; 0.0
1881.0; 58.534; 0.00000; 1000.0; -0.0; 0.0
1884.0; 58.618; 0.00000; 1000.0; -0.0; 0.0
1887.0; 58.701; 0.00000; 1000.0; -0.0; 0.0
1890.0; 58.785; 0.00000; 1000.0; -0.0; 0.0
1893.0; 58.869; 0.00000; 1000.0; -0.0; 0.0
1896.0; 58.952; 0.00000; 1000.0; -0.0; 0.0
1899.0; 59.036; 0.00000; 1000.0; -0.0; 0.0
1902.0; 59.119; 0.00000; 1000.0; -0.0; 0.0
1905.0; 59.203; 0.00000; 1000.0; -0.0; 0.0
1908.0; 59.287; 0.00000; 1000.0; -0.0; 0.0
1911.0; 59.370; 0.00000; 1000.0; -0.0; 0.0
1914.0; 59.454; 0.00000; 1000.0; -0.0; 0.0
1917.0; 59.537; 0.00000; 1000.0; -0.0; 0.0
1920.0; 59.621; 0.00000; 1000.0; -0.0; 0.0
1923.0; 59.704; 0.00000; 1000.0; -0.0; 0.0
1926.0; 59.787; 0.00000; 1000.0; -0.0; 0.0
1929.0; 59.871; 0.00000; 1000.0; -0.0; 0.0
1932.0; 59.954; 0.00000; 1000.0; -0.0; 0.0
1935.0; 60.038; 0.00000; 1000.0; -0.0; 0.0
1938.0; 60.121; 0.00000; 1000.0; -0.0; 0.0
1941.0; 60.204; 0.00000; 1000.0; -0.0; 0.0
1944.0; 60.288; 0.00000; 1000.0; -0.0; 0.0
1947.0; 60.371; 0.00000; 1000.0; -0.0; 0.0
1950.0; 60.454; 0.00000; 1000.0; -0.0; 0.0
1953.0; 60.538; 0.00000; 1000.0; -0.0; 0.0
1956.0; 60.621; 0.00000; 1000.0; -0.0; 0.0
1959.0; 60.704; 0.00000; 1000.0; -0.0; 0.0
1962.0; 60.787; 0.00000; 1000.0; -0.0; 0.0
1965.0; 60.871; 0.00000; 1000.0; -0.0; 0.0
1968.0; 60.954; 0.00000; 1000.0; -0.0; 0.0
1971.0; 61.037; 0.00000; 1000.0; -0.0; 0.0
1974.0; 61.120; 0.00000; 1000.0; -0.0; 0.0
1977.0; 61.203; 0.00000; 1000.0; -0.0; 0.0
1980.0; 61.286; 0.00000; 1000.0; -0.0; 0.0
1983.0; 61.369; 0.00000; 1000.0; -0.0; 0.0
1986.0; 61.453; 0.00000; 1000.0; -0.0; 0.0
1989.0; 61.536; 0.00000; 1000.0; -0.0; 0.0
1992.0; 61.619; 0.00000; 1000.0; -0.0; 0.0
1995.0; 61.702; 0.00000; 1000.0; -0.0; 0.0
1998.0; 61.785; 0.00000; 1000.0; -0.0; 0.0
2001.0; 61.868; 0.00000; 1000.0; -0.0; 0.1
2004.0; 61.951; 0.00000; 1000.0; -0.0; 0.1
2007.0; 62.034; 0.00001; 1000.0; -0.0; 0.1
2010.0; 62.117; 0.00001; 1000.0; -0.0; 0.1
2013.0; 62.200; 0.00001; 1000.0; -0.0; 0.2
2016.0; 62.283; 0.00001; 1000.0; -0.0; 0.2
2019.0; 62.365; 0.00002; 1000.0; -0.0; 0.3
2022.0; 62.448; 0.00002; 1000.0; -0.0; 0.4
2025.0; 62.531; 0.00003; 1000.0; -0.0; 0.5
2028.0; 62.614; 0.00004; 1000.0; -0.0; 0.7
2031.0; 62.697; 0.00004; 1000.0; -0.0; 0.8
2034.0; 62.780; 0.00006; 1000.0; -0.0; 1.0
2037.0; 62.862; 0.00007; 1000.0; -0.0; 1.3
2040.0; 62.945; 0.00009; 1000.0; -0.0; 1.6
2043.0; 63.028; 0.00011; 1000.0; -0.0; 2.0
2046.0; 63.111; 0.00014; 1000.0; -0.0; 2.5
2049.0; 63.193; 0.00017; 1000.0; -0.0; 3.1
2052.0; 63.276; 0.00021; 1000.0; -0.0; 3.9
2055.0; 63.359; 0.00025; 1000.0; -0.0; 4.7
2058.0; 63.441; 0.00031; 1000.0; -0.0; 5.8
2061.0; 63.524; 0.00037; 1000.0; -0.0; 7.0
2064.0; 63.607; 0.00045; 1000.0; -0.0; 8.4
2067.0; 63.689; 0.00054; 1000.0; -0.0; 10.1
2070.0; 63.772; 0.00065; 1000.0; -0.0; 12.1
2073.0; 63.854; 0.00077; 1000.0; -0.0; 14.4
2076.0; 63.937; 0.00091; 1000.0; -0.0; 17.0
2079.0; 64.020; 0.00107; 1000.0; -0.0; 20.1
2082.0; 64.102; 0.00125; 1000.0; -0.0; 23.5
2085.0; 64.185; 0.00145; 1000.0; -0.0; 27.4
2088.0; 64.267; 0.00168; 1000.0; -0.0; 31.7
2091.0; 64.350; 0.00193; 1000.0; -0.0; 36.4
2094.0; 64.432; 0.00220; 1000.0; -0.0; 41.6
2097.0; 64.515; 0.00249; 1000.0; -0.0; 47.1
2100.0; 64.597; 0.00279; 1000.0; -0.0; 53.0
2103.0; 64.679; 0.00310; 1000.0; -0.0; 59.0
2106.0; 64.762; 0.00342; 1000.0; -0.0; 65.1
2109.0; 64.844; 0.00372; 1000.0; -0.0; 71.1
2112.0; 64.927; 0.00401; 1000.0; -0.0; 76.7
2115.0; 65.009; 0.00425; 1000.0; -0.0; 81.7
2118.0; 65.091; 0.00444; 1000.0; -0.0; 85.6
2121.0; 65.174; 0.00455; 1000.0; -0.0; 88.0
2124.0; 65.256; 0.00455; 1000.0; -0.0; 88.5
2127.0; 65.339; 0.00442; 1000.0; -0.0; 86.5
2130.0; 65.421; 0.00412; 953.0; -13.0; 81.4
2133.0; 65.503; 0.00362; 11.2; -1157.6; 72.8
2136.0; 65.586; 0.00290; 3.2; -4132.4; 59.7
2139.0; 65.669; 0.00196; 1.9; -6852.5; 42.1
2142.0; 65.754; 0.00082; 0.1; -8096.6; 20.8
2145.0; 65.841; -0.00006; 0.0; -8073.2; 3.5
2148.0; 65.931; -0.00010; 0.0; -8024.2; 0.0
2151.0; 66.024; -0.00002; 0.0; -7969.5; 0.0
2154.0; 66.119; -0.00000; 0.0; -7915.4; 0.0
2157.0; 66.217; -0.00000; 0.0; -7861.9; 0.0
2160.0; 66.319; -0.00000; 0.0; -7809.0; 0.0
2163.0; 66.425; -0.00000; 0.0; -7756.6; 0.0
2166.0; 66.536; 0.00000; 0.0; -7704.8; 0.0
2169.0; 66.651; 0.00000; 0.0; -7653.5; 0.0
2172.0; 66.771; -0.00000; 0.0; -7602.8; -0.0
2175.0; 66.898; -0.00105; 0.0; -7534.4; -10.1
2178.0; 67.031; -0.00838; 0.0; -7354.4; -72.8
2181.0; 67.173; -0.02371; 0.0; -7016.2; -180.4
2184.0; 67.324; -0.05066; 0.0; -6409.3; -334.5
2187.0; 67.486; -0.08889; 0.0; -5512.7; -506.7
2190.0; 67.661; -0.13212; 0.0; -4552.0; -645.4
2193.0; 67.850; -0.17636; 0.0; -3725.6; -734.8
2196.0; 68.058; -0.22031; 0.0; -3130.9; -778.5
2199.0; 68.290; -0.26343; 0.0; -2855.5; -781.2
2202.0; 68.547; -0.30070; 0.0; -0.0; -864.1
2205.0; 68.809; -0.32000; 0.0; -0.0; -865.4
2208.0; 69.053; -0.32000; 551.2; -0.0; -849.7
2211.0; 69.276; -0.32000; 1000.0; -0.0; -852.0
2214.0; 69.485; -0.32000; 1000.0; -0.0; -858.1
2217.0; 69.688; -0.31911; 1000.0; -0.0; -862.3
2220.0; 69.891; -0.29388; 1000.0; -0.0; -818.3
2223.0; 70.108; -0.23438; 1000.0; -0.0; -676.7
2226.0; 70.340; -0.13423; 1000.0; -0.0; -412.6
2229.0; 70.584; -0.00595; 1000.0; -0.0; -25.0
2232.0; 70.834; 0.12105; 1000.0; -0.0; 447.2
2235.0; 71.082; 0.21395; 717.0; -0.0; 766.2
2238.0; 71.325; 0.26683; 0.1; -0.0; 866.6
2241.0; 71.557; 0.29211; 1000.0; -0.0; 888.8
2244.0; 71.773; 0.30186; 1000.0; -0.0; 896.1
2247.0; 71.973; 0.30457; 1000.0; -0.0; 898.4
2250.0; 72.161; 0.30412; 1000.0; 0.0; 899.6
2253.0; 72.342; 0.30205; 1000.0; 0.0; 900.3
2256.0; 72.526; 0.29886; 1000.0; 0.0; 900.6
2259.0; 72.722; 0.29462; 1000.0; 0.0; 900.4
2262.0; 72.938; 0.28894; 1000.0; 0.0; 899.1
2265.0; 73.175; 0.28086; 1000.0; 0.0; 894.8
2268.0; 73.424; 0.26856; 1000.0; 0.0; 882.0
2271.0; 73.672; 0.24901; 1000.0; 0.0; 848.3
2274.0; 73.910; 0.21902; 1000.0; 0.0; 775.4
2277.0; 74.137; 0.17799; 1000.0; 0.0; 654.5
2280.0; 74.358; 0.12988; 1000.0; 0.0; 497.3
2283.0; 74.575; 0.08452; 1000.0; 0.0; 337.6
2286.0; 74.789; 0.05196; 1000.0; 0.0; 215.0
2289.0; 75.002; 0.02881; 1000.0; 0.0; 122.4
2292.0; 75.212; 0.01256; 1000.0; 0.0; 54.0
2295.0; 75.419; 0.00134; 1000.0; 0.0; 4.8
2298.0; 75.624; -0.00623; 1000.0; 0.0; -29.9
2301.0; 75.827; -0.01120; 1000.0; 0.0; -53.8
2304.0; 76.027; -0.01431; 1000.0; 0.0; -69.8
2307.0; 76.224; -0.01612; 1000.0; 0.0; -80.0
2310.0; 76.419; -0.01705; 1000.0; 0.0; -86.1
2313.0; 76.612; -0.01738; 1000.0; 0.0; -89.3
2316.0; 76.803; -0.01733; 1000.0; 0.0; -90.7
2319.0; 76.992; -0.01704; 1000.0; 0.0; -90.7
2322.0; 77.178; -0.01661; 1000.0; 0.0; -90.0
2325.0; 77.363; -0.01613; 1000.0; 0.0; -88.9
2328.0; 77.545; -0.01563; 1000.0; 0.0; -87.6
2331.0; 77.726; -0.01516; 1000.0; 0.0; -86.4
2334.0; 77.905; -0.01473; 1000.0; 0.0; -85.3
2337.0; 78.083; -0.01437; 1000.0; 0.0; -84.6
2340.0; 78.258; -0.01407; 1000.0; 0.0; -84.1
2343.0; 78.432; -0.01385; 1000.0; 0.0; -84.1
2346.0; 78.605; -0.01370; 1000.0; 0.0; -84.4
2349.0; 78.776; -0.01363; 1000.0; 0.0; -85.2
2352.0; 78.945; -0.01363; 1000.0; 0.0; -86.5
2355.0; 79.113; -0.01371; 1000.0; 0.0; -88.2
2358.0; 79.279; -0.01385; 1000.0; 0.0; -90.4
2361.0; 79.445; -0.01408; 1000.0; 0.0; -93.1
2364.0; 79.608; -0.01437; 1000.0; 0.0; -96.3
2367.0; 79.771; -0.01472; 1000.0; 0.0; -99.9
2370.0; 79.932; -0.01515; 1000.0; 0.0; -104.1
2373.0; 80.092; -0.01563; 1000.0; 0.0; -108.8
2376.0; 80.250; -0.01618; 1000.0; 0.0; -113.9
2379.0; 80.408; -0.01678; 1000.0; 0.0; -119.5
2382.0; 80.564; -0.01742; 1000.0; 0.0; -125.5
2385.0; 80.719; -0.01811; 1000.0; 0.0; -131.9
2388.0; 80.873; -0.01881; 1000.0; 0.0; -138.5
2391.0; 81.026; -0.01950; 1000.0; 0.0; -145.1
2394.0; 81.178; -0.02016; 1000.0; 0.0; -151.5
2397.0; 81.329; -0.02072; 1000.0; 0.0; -157.2
2400.0; 81.479; -0.02110; 1000.0; 0.0; -161.5
2403.0; 81.629; -0.02110; 1000.0; 0.0; -162.9
2406.0; 81.777; -0.02066; 1000.0; 0.0; -160.7
2409.0; 81.925; -0.01994; 1000.0; 0.0; -156.4
2412.0; 82.072; -0.01908; 1000.0; 0.0; -150.9
2415.0; 82.218; -0.01813; 1000.0; 0.0; -144.7
2418.0; 82.363; -0.01716; 1000.0; 0.0; -138.2
2421.0; 82.508; -0.01621; 1000.0; 0.0; -131.6
2424.0; 82.652; -0.01528; 1000.0; 0.0; -125.2
2427.0; 82.796; -0.01439; 1000.0; 0.0; -119.0
2430.0; 82.939; -0.01356; 1000.0; 0.0; -113.1
2433.0; 83.081; -0.01278; 1000.0; 0.0; -107.5
2436.0; 83.223; -0.01205; 1000.0; 0.0; -102.3
2439.0; 83.364; -0.01138; 1000.0; 0.0; -97.4
2442.0; 83.504; -0.01076; 1000.0; 0.0; -92.8
2445.0; 83.644; -0.01019; 1000.0; 0.0; -88.6
2448.0; 83.783; -0.00966; 1000.0; 0.0; -84.8
2451.0; 83.922; -0.00919; 1000.0; 0.0; -81.2
2454.0; 84.060; -0.00875; 1000.0; 0.0; -78.0
2457.0; 84.198; -0.00836; 1000.0; 0.0; -75.1
2460.0; 84.335; -0.00801; 1000.0; 0.0; -72.5
2463.0; 84.471; -0.00769; 1000.0; 0.0; -70.1
2466.0; 84.607; -0.00741; 1000.0; 0.0; -68.1
2469.0; 84.742; -0.00716; 1000.0; 0.0; -66.3
2472.0; 84.877; -0.00694; 1000.0; 0.0; -64.7
2475.0; 85.011; -0.00675; 1000.0; 0.0; -63.4
2478.0; 85.145; -0.00659; 1000.0; 0.0; -62.4
2481.0; 85.278; -0.00646; 1000.0; 0.0; -61.6
2484.0; 85.411; -0.00636; 1000.0; 0.0; -61.0
2487.0; 85.543; -0.00628; 1000.0; 0.0; -60.7
2490.0; 85.674; -0.00623; 1000.0; 0.0; -60.6
2493.0; 85.805; -0.00620; 1000.0; 0.0; -60.7
2496.0; 85.936; -0.00620; 1000.0; 0.0; -61.1
2499.0; 86.066; -0.00622; 1000.0; 0.0; -61.7
2502.0; 86.195; -0.00626; 1000.0; 0.0; -62.5
2505.0; 86.324; -0.00633; 1000.0; 0.0; -63.6
2508.0; 86.452; -0.00642; 1000.0; 0.0; -64.9
2511.0; 86.580; -0.00653; 1000.0; 0.0; -66.5
2514.0; 86.708; -0.00667; 1000.0; 0.0; -68.3
2517.0; 86.835; -0.00683; 1000.0; 0.0; -70.3
2520.0; 86.962; -0.00702; 1000.0; 0.0; -72.6
2523.0; 87.088; -0.00722; 1000.0; 0.0; -75.2
2526.0; 87.214; -0.00746; 1000.0; 0.0; -78.1
2529.0; 87.339; -0.00772; 1000.0; 0.0; -81.2
2532.0; 87.464; -0.00800; 1000.0; 0.0; -84.7
2535.0; 87.588; -0.00831; 1000.0; 0.0; -88.4
2538.0; 87.712; -0.00865; 1000.0; 0.0; -92.5
2541.0; 87.836; -0.00901; 1000.0; 0.0; -96.9
2544.0; 87.959; -0.00941; 1000.0; 0.0; -101.6
2547.0; 88.082; -0.00983; 1000.0; 0.0; -106.7
2550.0; 88.205; -0.01028; 1000.0; 0.0; -112.2
2553.0; 88.327; -0.01077; 1000.0; 0.0; -118.1
2556.0; 88.448; -0.01129; 1000.0; 0.0; -124.4
2559.0; 88.569; -0.01184; 1000.0; 0.0; -131.0
2562.0; 88.690; -0.01243; 1000.0; 0.0; -138.2
2565.0; 88.810; -0.01306; 1000.0; 0.0; -145.8
2568.0; 88.930; -0.01372; 1000.0; 0.0; -153.9
2571.0; 89.050; -0.01442; 1000.0; 0.0; -162.4
2574.0; 89.169; -0.01517; 1000.0; 0.0; -171.5
2577.0; 89.288; -0.01595; 1000.0; 0.0; -181.1
2580.0; 89.406; -0.01678; 1000.0; 0.0; -191.2
2583.0; 89.524; -0.01765; 1000.0; 0.0; -201.9
2586.0; 89.642; -0.01856; 1000.0; 0.0; -213.1
2589.0; 89.759; -0.01952; 1000.0; 0.0; -224.8
2592.0; 89.875; -0.02051; 1000.0; 0.0; -237.1
2595.0; 89.991; -0.02154; 1000.0; 0.0; -249.8
2598.0; 90.107; -0.02259; 1000.0; 0.0; -262.8
2601.0; 90.222; -0.02366; 1000.0; 0.0; -276.1
2604.0; 90.337; -0.02473; 1000.0; 0.0; -289.3
2607.0; 90.451; -0.02575; 1000.0; 0.0; -302.1
2610.0; 90.565; -0.02668; 1000.0; 0.0; -313.8
2613.0; 90.679; -0.02742; 1000.0; 0.0; -323.5
2616.0; 90.793; -0.02783; 1000.0; 0.0; -329.2
2619.0; 90.907; -0.02788; 1000.0; 0.0; -330.9
2622.0; 91.020; -0.02774; 1000.0; 0.0; -330.3
2625.0; 91.133; -0.02750; 1000.0; 0.0; -328.6
2628.0; 91.247; -0.02722; 1000.0; 0.0; -326.5
2631.0; 91.359; -0.02695; 1000.0; 0.0; -324.4
2634.0; 91.472; -0.02670; 1000.0; 0.0; -322.7
2637.0; 91.584; -0.02650; 1000.0; 0.0; -321.3
2640.0; 91.696; -0.02635; 1000.0; 0.0; -320.6
2643.0; 91.808; -0.02625; 1000.0; 0.0; -320.5
2646.0; 91.920; -0.02620; 1000.0; 0.0; -320.9
2649.0; 92.031; -0.02620; 1000.0; 0.0; -321.9
2652.0; 92.142; -0.02623; 1000.0; 0.0; -323.3
2655.0; 92.253; -0.02627; 1000.0; 0.0; -324.8
2658.0; 92.364; -0.02629; 1000.0; 0.0; -326.1
2661.0; 92.474; -0.02625; 1000.0; 0.0; -326.6
2664.0; 92.584; -0.02612; 1000.0; 0.0; -326.0
2667.0; 92.694; -0.02597; 1000.0; 0.0; -325.2
2670.0; 92.804; -0.02583; 1000.0; 0.0; -324.4
2673.0; 92.913; -0.02571; 1000.0; 0.0; -324.0
2676.0; 93.023; -0.02564; 1000.0; 0.0; -324.1
2679.0; 93.132; -0.02561; 1000.0; 0.0; -324.6
2682.0; 93.240; -0.02563; 1000.0; 0.0; -325.8
2685.0; 93.349; -0.02570; 1000.0; -0.0; -327.5
2688.0; 93.457; -0.02582; 1000.0; -0.0; -329.9
2691.0; 93.565; -0.02599; 1000.0; -0.0; -333.1
2694.0; 93.673; -0.02623; 1000.0; -0.0; -337.0
2697.0; 93.781; -0.02654; 1000.0; -0.0; -341.6
2700.0; 93.889; -0.02690; 1000.0; -0.0; -347.1
2703.0; 93.996; -0.02732; 1000.0; -0.0; -353.2
2706.0; 94.103; -0.02780; 1000.0; -0.0; -360.1
2709.0; 94.210; -0.02832; 1000.0; -0.0; -367.6
2712.0; 94.317; -0.02889; 1000.0; -0.0; -375.6
2715.0; 94.424; -0.02947; 1000.0; -0.0; -383.8
2718.0; 94.530; -0.03004; 1000.0; -0.0; -391.9
2721.0; 94.636; -0.03056; 1000.0; -0.0; -399.3
2724.0; 94.742; -0.03095; 1000.0; -0.0; -405.2
2727.0; 94.848; -0.03110; 1000.0; -0.0; -408.1
2730.0; 94.954; -0.03101; 1000.0; -0.0; -408.0
2733.0; 95.059; -0.03079; 1000.0; -0.0; -406.3
2736.0; 95.164; -0.03052; 1000.0; -0.0; -403.9
2739.0; 95.270; -0.03024; 1000.0; -0.0; -401.3
2742.0; 95.375; -0.02998; 1000.0; -0.0; -398.9
2745.0; 95.479; -0.02975; 1000.0; -0.0; -396.9
2748.0; 95.584; -0.02957; 1000.0; -0.0; -395.4
2751.0; 95.688; -0.02942; 1000.0; -0.0; -394.4
2754.0; 95.793; -0.02930; 1000.0; -0.0; -393.7
2757.0; 95.897; -0.02920; 1000.0; -0.0; -393.2
2760.0; 96.001; -0.02908; 1000.0; -0.0; -392.5
2763.0; 96.104; -0.02889; 1000.0; -0.0; -391.0
2766.0; 96.208; -0.02857; 1000.0; -0.0; -387.8
2769.0; 96.312; -0.02812; 1000.0; -0.0; -382.8
2772.0; 96.415; -0.02757; 1000.0; -0.0; -376.4
2775.0; 96.518; -0.02695; 1000.0; -0.0; -369.2
2778.0; 96.621; -0.02631; 1000.0; -0.0; -361.6
2781.0; 96.724; -0.02569; 1000.0; -0.0; -354.1
2784.0; 96.827; -0.02510; 1000.0; -0.0; -346.9
2787.0; 96.930; -0.02454; 1000.0; -0.0; -340.2
2790.0; 97.032; -0.02404; 1000.0; -0.0; -334.1
2793.0; 97.135; -0.02358; 1000.0; -0.0; -328.6
2796.0; 97.237; -0.02318; 1000.0; -0.0; -323.8
2799.0; 97.340; -0.02284; 1000.0; -0.0; -319.8
2802.0; 97.442; -0.02255; 1000.0; -0.0; -316.5
2805.0; 97.544; -0.02232; 1000.0; -0.0; -313.9
2808.0; 97.646; -0.02214; 1000.0; -0.0; -312.1
2811.0; 97.747; -0.02201; 1000.0; -0.0; -311.0
2814.0; 97.849; -0.02194; 1000.0; -0.0; -310.6
2817.0; 97.950; -0.02192; 1000.0; -0.0; -310.8
2820.0; 98.052; -0.02193; 1000.0; -0.0; -311.6
2823.0; 98.153; -0.02198; 1000.0; -0.0; -312.8
2826.0; 98.254; -0.02204; 1000.0; -0.0; -314.3
2829.0; 98.355; -0.02210; 1000.0; -0.0; -315.8
2832.0; 98.456; -0.02212; 1000.0; -0.0; -316.6
2835.0; 98.556; -0.02205; 1000.0; -0.0; -316.3
2838.0; 98.657; -0.02188; 1000.0; -0.0; -314.6
2841.0; 98.757; -0.02167; 1000.0; -0.0; -312.4
2844.0; 98.857; -0.02146; 1000.0; -0.0; -310.0
2847.0; 98.957; -0.02127; 1000.0; -0.0; -307.9
2850.0; 99.057; -0.02111; 1000.0; -0.0; -306.2
2853.0; 99.157; -0.02099; 1000.0; -0.0; -305.0
2856.0; 99.257; -0.02091; 1000.0; -0.0; -304.4
2859.0; 99.357; -0.02089; 1000.0; -0.0; -304.5
2862.0; 99.456; -0.02091; 1000.0; -0.0; -305.3
2865.0; 99.555; -0.02098; 1000.0; -0.0; -306.8
2868.0; 99.655; -0.02109; 1000.0; -0.0; -309.0
2871.0; 99.754; -0.02125; 1000.0; -0.0; -311.7
2874.0; 99.853; -0.02145; 1000.0; -0.0; -315.0
2877.0; 99.952; -0.02166; 1000.0; -0.0; -318.6
2880.0; 100.050; -0.02188; 1000.0; -0.0; -322.3
2883.0; 100.149; -0.02208; 1000.0; -0.0; -325.6
2886.0; 100.247; -0.02221; 1000.0; -0.0; -328.1
2889.0; 100.346; -0.02220; 1000.0; -0.0; -328.7
2892.0; 100.444; -0.02207; 1000.0; -0.0; -327.4
2895.0; 100.542; -0.02187; 1000.0; -0.0; -325.2
2898.0; 100.640; -0.02165; 1000.0; -0.0; -322.6
2901.0; 100.738; -0.02144; 1000.0; -0.0; -320.1
2904.0; 100.836; -0.02126; 1000.0; -0.0; -317.9
2907.0; 100.934; -0.02111; 1000.0; -0.0; -316.2
2910.0; 101.032; -0.02100; 1000.0; -0.0; -315.2
2913.0; 101.129; -0.02095; 1000.0; -0.0; -314.8
2916.0; 101.226; -0.02094; 1000.0; -0.0; -315.1
2919.0; 101.324; -0.02099; 1000.0; -0.0; -316.3
2922.0; 101.421; -0.02109; 1000.0; -0.0; -318.1
2925.0; 101.518; -0.02124; 1000.0; -0.0; -320.7
2928.0; 101.615; -0.02144; 1000.0; -0.0; -324.0
2931.0; 101.712; -0.02167; 1000.0; -0.0; -328.0
2934.0; 101.809; -0.02194; 1000.0; -0.0; -332.3
2937.0; 101.905; -0.02223; 1000.0; -0.0; -337.0
2940.0; 102.002; -0.02250; 1000.0; -0.0; -341.5
2943.0; 102.098; -0.02273; 1000.0; -0.0; -345.4
2946.0; 102.195; -0.02287; 1000.0; -0.0; -348.0
2949.0; 102.291; -0.02286; 1000.0; -0.0; -348.6
2952.0; 102.387; -0.02270; 1000.0; -0.0; -346.9
2955.0; 102.483; -0.02240; 1000.0; -0.0; -343.2
2958.0; 102.579; -0.02203; 1000.0; -0.0; -338.3
2961.0; 102.675; -0.02162; 1000.0; -0.0; -332.8
2964.0; 102.771; -0.02121; 1000.0; -0.0; -327.2
2967.0; 102.866; -0.02082; 1000.0; -0.0; -321.7
2970.0; 102.962; -0.02044; 1000.0; -0.0; -316.4
2973.0; 103.057; -0.02007; 1000.0; -0.0; -311.4
2976.0; 103.153; -0.01972; 1000.0; -0.0; -306.5
2979.0; 103.248; -0.01937; 1000.0; -0.0; -301.5
2982.0; 103.343; -0.01898; 1000.0; -0.0; -296.1
2985.0; 103.438; -0.01852; 1000.0; -0.0; -289.7
2988.0; 103.533; -0.01796; 1000.0; -0.0; -281.6
2991.0; 103.628; -0.01730; 1000.0; -0.0; -272.1
2994.0; 103.723; -0.01659; 1000.0; -0.0; -261.6
2997.0; 103.818; -0.01585; 1000.0; -0.0; -250.6
3000.0; 103.913; -0.01511; 1000.0; -0.0; -239.5
3003.0; 104.008; -0.01438; 1000.0; -0.0; -228.5
3006.0; 104.102; -0.01367; 1000.0; -0.0; -217.7
3009.0; 104.197; -0.01298; 1000.0; -0.0; -207.2
3012.0; 104.292; -0.01232; 1000.0; -0.0; -197.0
3015.0; 104.386; -0.01169; 1000.0; -0.0; -187.2
3018.0; 104.481; -0.01108; 1000.0; -0.0; -177.9
3021.0; 104.575; -0.01050; 1000.0; -0.0; -168.9
3024.0; 104.669; -0.00995; 1000.0; -0.0; -160.3
3027.0; 104.764; -0.00942; 1000.0; -0.0; -152.1
3030.0; 104.858; -0.00892; 1000.0; -0.0; -144.2
3033.0; 104.952; -0.00845; 1000.0; -0.0; -136.8
3036.0; 105.046; -0.00799; 1000.0; -0.0; -129.7
3039.0; 105.141; -0.00756; 1000.0; -0.0; -122.9
3042.0; 105.235; -0.00716; 1000.0; -0.0; -116.5
3045.0; 105.329; -0.00677; 1000.0; -0.0; -110.3
3048.0; 105.422; -0.00640; 1000.0; -0.0; -104.5
3051.0; 105.516; -0.00605; 1000.0; -0.0; -99.0
3054.0; 105.610; -0.00572; 1000.0; -0.0; -93.7
3057.0; 105.704; -0.00541; 1000.0; -0.0; -88.7
3060.0; 105.798; -0.00511; 1000.0; -0.0; -84.0
3063.0; 105.891; -0.00483; 1000.0; -0.0; -79.5
3066.0; 105.985; -0.00457; 1000.0; -0.0; -75.2
3069.0; 106.078; -0.00431; 1000.0; -0.0; -71.2
3072.0; 106.172; -0.00408; 1000.0; -0.0; -67.3
3075.0; 106.265; -0.00385; 1000.0; -0.0; -63.7
3078.0; 106.358; -0.00364; 1000.0; -0.0; -60.2
3081.0; 106.452; -0.00343; 1000.0; -0.0; -56.9
3084.0; 106.545; -0.00324; 1000.0; -0.0; -53.8
3087.0; 106.638; -0.00306; 1000.0; -0.0; -50.8
3090.0; 106.731; -0.00289; 1000.0; -0.0; -48.0
3093.0; 106.824; -0.00272; 1000.0; -0.0; -45.4
3096.0; 106.916; -0.00257; 1000.0; -0.0; -42.9
3099.0; 107.009; -0.00242; 1000.0; -0.0; -40.5
3102.0; 107.102; -0.00229; 1000.0; -0.0; -38.3
3105.0; 107.194; -0.00216; 1000.0; -0.0; -36.1
3108.0; 107.287; -0.00203; 1000.0; -0.0; -34.1
3111.0; 107.379; -0.00192; 1000.0; -0.0; -32.2
3114.0; 107.471; -0.00181; 1000.0; -0.0; -30.4
3117.0; 107.564; -0.00170; 1000.0; -0.0; -28.7
3120.0; 107.656; -0.00160; 1000.0; -0.0; -27.0
3123.0; 107.748; -0.00151; 1000.0; -0.0; -25.5
3126.0; 107.840; -0.00142; 1000.0; -0.0; -24.1
3129.0; 107.932; -0.00134; 1000.0; -0.0; -22.7
3132.0; 108.024; -0.00126; 1000.0; -0.0; -21.4
3135.0; 108.116; -0.00119; 1000.0; -0.0; -20.2
3138.0; 108.208; -0.00112; 1000.0; -0.0; -19.0
3141.0; 108.299; -0.00105; 1000.0; -0.0; -17.9
3144.0; 108.391; -0.00099; 1000.0; -0.0; -16.9
3147.0; 108.482; -0.00093; 1000.0; -0.0; -15.9
3150.0; 108.574; -0.00088; 1000.0; -0.0; -14.9
3153.0; 108.665; -0.00082; 1000.0; -0.0; -14.1
3156.0; 108.757; -0.00077; 1000.0; -0.0; -13.2
3159.0; 108.848; -0.00073; 1000.0; -0.0; -12.5
3162.0; 108.939; -0.00068; 1000.0; -0.0; -11.7
3165.0; 109.030; -0.00064; 1000.0; -0.0; -11.0
3168.0; 109.121; -0.00060; 1000.0; -0.0; -10.4
3171.0; 109.212; -0.00057; 1000.0; -0.0; -9.7
3174.0; 109.303; -0.00053; 1000.0; -0.0; -9.1
3177.0; 109.394; -0.00050; 1000.0; -0.0; -8.6
3180.0; 109.485; -0.00047; 1000.0; -0.0; -8.1
3183.0; 109.576; -0.00044; 1000.0; -0.0; -7.6
3186.0; 109.666; -0.00041; 1000.0; -0.0; -7.1
3189.0; 109.757; -0.00038; 1000.0; -0.0; -6.6
3192.0; 109.848; -0.00036; 1000.0; -0.0; -6.2
3195.0; 109.938; -0.00034; 1000.0; -0.0; -5.8
3198.0; 110.028; -0.00031; 1000.0; -0.0; -5.5
3201.0; 110.119; -0.00029; 1000.0; -0.0; -5.1
3204.0; 110.209; -0.00028; 1000.0; -0.0; -4.8
3207.0; 110.299; -0.00026; 1000.0; -0.0; -4.5
3210.0; 110.390; -0.00024; 1000.0; -0.0; -4.2
3213.0; 110.480; -0.00022; 1000.0; -0.0; -3.9
3216.0; 110.570; -0.00021; 1000.0; -0.0; -3.6
3219.0; 110.660; -0.00019; 1000.0; -0.0; -3.4
3222.0; 110.750; -0.00018; 1000.0; -0.0; -3.2
3225.0; 110.839; -0.00017; 1000.0; -0.0; -3.0
3228.0; 110.929; -0.00016; 1000.0; -0.0; -2.8
3231.0; 111.019; -0.00015; 1000.0; -0.0; -2.6
3234.0; 111.109; -0.00014; 1000.0; -0.0; -2.4
3237.0; 111.198; -0.00013; 1000.0; -0.0; -2.3
3240.0; 111.288; -0.00012; 1000.0; -0.0; -2.2
3243.0; 111.377; -0.00012; 1000.0; -0.0; -2.1
3246.0; 111.467; -0.00011; 1000.0; -0.0; -2.0
3249.0; 111.556; -0.00011; 1000.0; -0.0; -1.9
3252.0; 111.645; -0.00011; 1000.0; -0.0; -1.9
3255.0; 111.735; -0.00011; 1000.0; -0.0; -2.0
3258.0; 111.824; -0.00012; 1000.0; -0.0; -2.0
3261.0; 111.913; -0.00012; 1000.0; -0.0; -2.2
3264.0; 112.002; -0.00014; 1000.0; -0.0; -2.3
3267.0; 112.091; -0.00015; 1000.0; -0.0; -2.6
3270.0; 112.180; -0.00017; 1000.0; -0.0; -3.0
3273.0; 112.269; -0.00020; 1000.0; -0.0; -3.5
3276.0; 112.358; -0.00024; 1000.0; -0.0; -4.1
3279.0; 112.447; -0.00028; 1000.0; -0.0; -4.9
3282.0; 112.536; -0.00034; 1000.0; -0.0; -5.8
3285.0; 112.625; -0.00041; 1000.0; -0.0; -7.0
3288.0; 112.713; -0.00049; 1000.0; -0.0; -8.4
3291.0; 112.802; -0.00059; 1000.0; -0.0; -10.1
3294.0; 112.891; -0.00071; 1000.0; -0.0; -12.2
3297.0; 112.979; -0.00085; 1000.0; -0.0; -14.6
3300.0; 113.068; -0.00101; 1000.0; -0.0; -17.4
3303.0; 113.156; -0.00120; 1000.0; -0.0; -20.7
3306.0; 113.245; -0.00142; 1000.0; -0.0; -24.5
3309.0; 113.333; -0.00167; 1000.0; -0.0; -28.8
3312.0; 113.422; -0.00194; 1000.0; -0.0; -33.6
3315.0; 113.510; -0.00225; 1000.0; -0.0; -39.1
3318.0; 113.598; -0.00260; 1000.0; -0.0; -45.0
3321.0; 113.687; -0.00297; 1000.0; -0.0; -51.6
3324.0; 113.775; -0.00336; 1000.0; -0.0; -58.5
3327.0; 113.863; -0.00377; 1000.0; -0.0; -65.8
3330.0; 113.951; -0.00420; 1000.0; -0.0; -73.3
3333.0; 114.039; -0.00461; 1000.0; -0.0; -80.8
3336.0; 114.127; -0.00501; 1000.0; -0.0; -87.9
3339.0; 114.215; -0.00537; 1000.0; -0.0; -94.4
3342.0; 114.303; -0.00566; 1000.0; -0.0; -99.8
3345.0; 114.391; -0.00585; 1000.0; -0.0; -103.6
3348.0; 114.479; -0.00591; 1000.0; -0.0; -105.1
3351.0; 114.567; -0.00581; 1000.0; -0.0; -103.8
3354.0; 114.655; -0.00549; 999.9; -0.2; -98.8
3357.0; 114.742; -0.00491; 12.6; -1006.4; -89.5
3360.0; 114.830; -0.00403; 3.2; -4100.9; -74.4
3363.0; 114.919; -0.00283; 1.9; -6911.8; -53.4
3366.0; 115.010; -0.00132; 0.0; -7952.6; -27.3
3369.0; 115.104; -0.00016; 0.0; -7937.7; -6.5
3372.0; 115.201; 0.00011; 0.0; -7895.5; -0.0
3375.0; 115.300; 0.00003; 0.0; -7842.1; -0.0
3378.0; 115.404; 0.00001; 0.0; -7789.3; -0.0
3381.0; 115.512; 0.00000; 0.0; -7737.0; -0.0
3384.0; 115.624; 0.00000; 0.0; -7685.3; 0.0
3387.0; 115.741; 0.00150; 0.0; -7603.7; 16.5
3390.0; 115.864; 0.00823; 0.0; -7409.6; 83.6
3393.0; 115.994; 0.02180; 0.0; -7032.2; 201.3
3396.0; 116.129; 0.04551; 0.0; -6306.7; 378.4
3399.0; 116.271; 0.07763; 0.0; -5212.5; 576.5
3402.0; 116.419; 0.11095; 0.0; -4070.7; 729.8
3405.0; 116.574; 0.14186; 0.0; -3119.4; 825.1
3408.0; 116.741; 0.16918; 0.0; -2450.4; 874.2
3411.0; 116.922; 0.19210; 0.0; -2075.0; 892.0
3414.0; 117.117; 0.20938; 0.0; -0.0; 936.4
3417.0; 117.317; 0.21880; 0.0; -0.0; 939.6
3420.0; 117.509; 0.22274; 1000.0; -0.0; 933.5
3423.0; 117.687; 0.22355; 1000.0; -0.0; 934.9
3426.0; 117.846; 0.22294; 1000.0; -0.0; 935.5
3429.0; 117.993; 0.22129; 1000.0; -0.0; 935.7
3432.0; 118.146; 0.21823; 1000.0; -0.0; 935.4
3435.0; 118.315; 0.21244; 1000.0; -0.0; 932.5
3438.0; 118.496; 0.20038; 1000.0; -0.0; 917.5
3441.0; 118.683; 0.17503; 1000.0; -0.0; 850.4
3444.0; 118.871; 0.12669; 1000.0; -0.0; 645.9
3447.0; 119.057; 0.05301; 1000.0; -0.0; 267.8
3450.0; 119.241; -0.03180; 1000.0; -0.0; -225.1
3453.0; 119.422; -0.10508; 1000.0; -0.0; -645.4
3456.0; 119.599; -0.15304; 1000.0; -0.0; -848.7
3459.0; 119.772; -0.17903; 1000.0; -0.0; -914.3
3462.0; 119.938; -0.19139; 1000.0; -0.0; -933.5
3465.0; 120.096; -0.19650; 1000.0; -0.0; -939.6
3468.0; 120.244; -0.19775; 1000.0; 0.0; -941.6
3471.0; 120.388; -0.19696; 1000.0; 0.0; -942.0
3474.0; 120.539; -0.19499; 1000.0; 0.0; -941.5
3477.0; 120.703; -0.19195; 1000.0; 0.0; -939.7
3480.0; 120.879; -0.18750; 1000.0; 0.0; -935.7
3483.0; 121.062; -0.18083; 1000.0; 0.0; -926.4
3486.0; 121.243; -0.17054; 1000.0; 0.0; -904.4
3489.0; 121.421; -0.15470; 1000.0; 0.0; -854.6
3492.0; 121.595; -0.13159; 1000.0; 0.0; -756.3
3495.0; 121.766; -0.10136; 1000.0; 0.0; -600.4
3498.0; 121.935; -0.06761; 1000.0; 0.0; -407.0
3501.0; 122.102; -0.03782; 1000.0; 0.0; -227.1
3504.0; 122.267; -0.01688; 1000.0; 0.0; -98.3
3507.0; 122.431; -0.00239; 1000.0; 0.0; -7.0
3510.0; 122.593; 0.00740; 1000.0; 0.0; 56.0
3513.0; 122.754; 0.01378; 1000.0; 0.0; 98.0
3516.0; 122.915; 0.01771; 1000.0; 0.0; 124.6
3519.0; 123.074; 0.01989; 1000.0; 0.0; 140.1
3522.0; 123.233; 0.02084; 1000.0; 0.0; 147.6
3525.0; 123.390; 0.02095; 1000.0; 0.0; 149.5
3528.0; 123.547; 0.02048; 1000.0; 0.0; 147.5
3531.0; 123.703; 0.01965; 1000.0; 0.0; 142.8
3534.0; 123.858; 0.01859; 1000.0; 0.0; 136.4
3537.0; 124.012; 0.01741; 1000.0; 0.0; 128.9
3540.0; 124.166; 0.01617; 1000.0; 0.0; 120.9
3543.0; 124.318; 0.01493; 1000.0; 0.0; 112.8
3546.0; 124.469; 0.01372; 1000.0; 0.0; 104.6
3549.0; 124.620; 0.01256; 1000.0; 0.0; 96.7
3552.0; 124.769; 0.01147; 1000.0; 0.0; 89.2
3555.0; 124.918; 0.01044; 1000.0; 0.0; 82.0
3558.0; 125.066; 0.00949; 1000.0; 0.0; 75.2
3561.0; 125.213; 0.00861; 1000.0; 0.0; 68.9
3564.0; 125.359; 0.00781; 1000.0; -0.0; 63.0
3567.0; 125.505; 0.00707; 1000.0; -0.0; 57.6
3570.0; 125.650; 0.00640; 1000.0; -0.0; 52.6
3573.0; 125.794; 0.00578; 1000.0; -0.0; 48.0
3576.0; 125.937; 0.00523; 1000.0; -0.0; 43.7
3579.0; 126.080; 0.00473; 1000.0; -0.0; 39.9
3582.0; 126.222; 0.00427; 1000.0; -0.0; 36.3
3585.0; 126.363; 0.00386; 1000.0; -0.0; 33.1
3588.0; 126.504; 0.00349; 1000.0; -0.0; 30.1
3591.0; 126.644; 0.00315; 1000.0; -0.0; 27.4
3594.0; 126.783; 0.00285; 1000.0; -0.0; 25.0
3597.0; 126.921; 0.00258; 1000.0; -0.0; 22.8
3600.0; 127.059; 0.00233; 1000.0; -0.0; 20.8
3603.0; 127.197; 0.00211; 1000.0; -0.0; 19.0
3606.0; 127.333; 0.00191; 1000.0; -0.0; 17.3
3609.0; 127.470; 0.00174; 1000.0; -0.0; 15.9
3612.0; 127.605; 0.00158; 1000.0; -0.0; 14.6
3615.0; 127.740; 0.00144; 1000.0; -0.0; 13.4
3618.0; 127.874; 0.00132; 1000.0; -0.0; 12.3
3621.0; 128.008; 0.00122; 1000.0; -0.0; 11.4
3624.0; 128.141; 0.00113; 1000.0; -0.0; 10.7
3627.0; 128.274; 0.00105; 1000.0; -0.0; 10.0
3630.0; 128.406; 0.00098; 1000.0; -0.0; 9.5
3633.0; 128.538; 0.00093; 1000.0; -0.0; 9.0
3636.0; 128.669; 0.00090; 1000.0; -0.0; 8.8
3639.0; 128.800; 0.00087; 1000.0; -0.0; 8.6
3642.0; 128.930; 0.00087; 1000.0; -0.0; 8.6
3645.0; 129.059; 0.00087; 1000.0; -0.0; 8.7
3648.0; 129.188; 0.00089; 1000.0; -0.0; 9.0
3651.0; 129.317; 0.00093; 1000.0; -0.0; 9.4
3654.0; 129.445; 0.00099; 1000.0; -0.0; 10.1
3657.0; 129.573; 0.00107; 1000.0; -0.0; 11.0
3660.0; 129.700; 0.00117; 1000.0; -0.0; 12.1
3663.0; 129.827; 0.00130; 1000.0; -0.0; 13.5
3666.0; 129.953; 0.00145; 1000.0; -0.0; 15.2
3669.0; 130.079; 0.00164; 1000.0; -0.0; 17.3
3672.0; 130.204; 0.00187; 1000.0; -0.0; 19.7
3675.0; 130.329; 0.00213; 1000.0; -0.0; 22.6
3678.0; 130.454; 0.00244; 1000.0; -0.0; 26.0
3681.0; 130.578; 0.00279; 1000.0; -0.0; 30.0
3684.0; 130.702; 0.00319; 1000.0; -0.0; 34.5
3687.0; 130.825; 0.00365; 1000.0; -0.0; 39.6
3690.0; 130.948; 0.00416; 1000.0; -0.0; 45.4
3693.0; 131.071; 0.00472; 1000.0; -0.0; 51.7
3696.0; 131.193; 0.00533; 1000.0; -0.0; 58.7
3699.0; 131.315; 0.00599; 1000.0; -0.0; 66.2
3702.0; 131.436; 0.00667; 1000.0; -0.0; 74.0
3705.0; 131.557; 0.00736; 1000.0; -0.0; 82.0
3708.0; 131.678; 0.00804; 1000.0; -0.0; 89.9
3711.0; 131.798; 0.00866; 1000.0; -0.0; 97.3
3714.0; 131.918; 0.00918; 1000.0; -0.0; 103.6
3717.0; 132.038; 0.00955; 1000.0; -0.0; 108.1
3720.0; 132.157; 0.00967; 1000.0; -0.0; 109.8
3723.0; 132.276; 0.00945; 1000.0; -0.0; 107.7
3726.0; 132.395; 0.00878; 1000.0; -0.0; 100.3
3729.0; 132.513; 0.00751; 1000.0; -0.0; 85.9
3732.0; 132.631; 0.00547; 1000.0; -0.0; 62.5
3735.0; 132.749; 0.00249; 1000.0; -0.0; 27.8
3738.0; 132.866; -0.00167; 1000.0; -0.0; -20.9
3741.0; 132.983; -0.00722; 1000.0; -0.0; -86.4
3744.0; 133.100; -0.01441; 1000.0; -0.0; -171.3
3747.0; 133.217; -0.02350; 1000.0; -0.0; -277.7
3750.0; 133.333; -0.03469; 1000.0; -0.0; -405.7
3753.0; 133.449; -0.04815; 1000.0; -0.0; -551.9
3756.0; 133.564; -0.06391; 1000.0; -0.0; -705.8
3759.0; 133.680; -0.08009; 1000.0; -0.0; -836.1
3762.0; 133.796; -0.09421; 1000.0; -0.0; -920.7
3765.0; 133.912; -0.10531; 1000.0; -0.0; -965.8
3768.0; 134.028; -0.11344; 1000.0; -0.0; -986.8
3771.0; 134.145; -0.11915; 1000.0; -0.0; -995.7
3774.0; 134.263; -0.12306; 999.9; -0.0; -999.2
3777.0; 134.380; -0.12573; 414.1; -0.0; -1005.3
3780.0; 134.497; -0.12757; 0.1; -0.0; -1008.7
3783.0; 134.615; -0.12886; 0.0; -0.0; -1007.7
3786.0; 134.733; -0.12980; 0.0; -0.0; -1006.6
3789.0; 134.851; -0.13049; 0.1; -0.0; -1005.7
3792.0; 134.969; -0.13097; 393.2; -0.0; -1001.6
3795.0; 135.087; -0.13125; 999.9; -0.0; -996.1
3798.0; 135.204; -0.13138; 1000.0; -0.0; -996.3
3801.0; 135.320; -0.13140; 1000.0; -0.0; -996.6
3804.0; 135.436; -0.13133; 1000.0; -0.0; -996.7
3807.0; 135.551; -0.13120; 1000.0; -0.0; -996.8
3810.0; 135.665; -0.13103; 1000.0; -0.0; -996.8
3813.0; 135.780; -0.13085; 1000.0; -0.0; -996.8
3816.0; 135.894; -0.13065; 1000.0; -0.0; -996.8
3819.0; 136.008; -0.13044; 1000.0; -0.0; -996.8
3822.0; 136.122; -0.13023; 1000.0; -0.0; -996.8
3825.0; 136.236; -0.13001; 1000.0; -0.0; -996.8
3828.0; 136.349; -0.12978; 1000.0; -0.0; -996.8
3831.0; 136.463; -0.12953; 1000.0; -0.0; -996.8
3834.0; 136.576; -0.12926; 1000.0; -0.0; -996.8
3837.0; 136.689; -0.12892; 1000.0; -0.0; -996.8
3840.0; 136.801; -0.12852; 1000.0; -0.0; -996.7
3843.0; 136.914; -0.12808; 1000.0; -0.0; -996.6
3846.0; 137.026; -0.12762; 1000.0; -0.0; -996.5
3849.0; 137.138; -0.12714; 1000.0; -0.0; -996.3
3852.0; 137.251; -0.12663; 1000.0; -0.0; -996.1
3855.0; 137.363; -0.12610; 1000.0; -0.0; -995.9
3858.0; 137.476; -0.12553; 1000.0; -0.0; -995.6
3861.0; 137.589; -0.12494; 1000.0; -0.0; -995.3
3864.0; 137.702; -0.12431; 1000.0; -0.0; -995.0
3867.0; 137.816; -0.12363; 1000.0; -0.0; -994.5
3870.0; 137.930; -0.12290; 1000.0; -0.0; -994.0
3873.0; 138.044; -0.12211; 1000.0; -0.0; -993.3
3876.0; 138.158; -0.12124; 1000.0; -0.0; -992.5
3879.0; 138.273; -0.12028; 1000.0; -0.0; -991.6
3882.0; 138.389; -0.11920; 1000.0; -0.0; -990.4
3885.0; 138.505; -0.11798; 1000.0; -0.0; -988.8
3888.0; 138.621; -0.11657; 1000.0; -0.0; -986.8
3891.0; 138.738; -0.11490; 1000.0; -0.0; -984.0
3894.0; 138.856; -0.11288; 1000.0; -0.0; -980.2
3897.0; 138.974; -0.11040; 1000.0; -0.0; -974.8
3900.0; 139.093; -0.10727; 1000.0; -0.0; -966.6
3903.0; 139.212; -0.10328; 1000.0; -0.0; -954.1
3906.0; 139.331; -0.09813; 1000.0; -0.0; -934.4
3909.0; 139.449; -0.09152; 1000.0; -0.0; -903.1
3912.0; 139.567; -0.08316; 1000.0; -0.0; -853.9
3915.0; 139.685; -0.07292; 1000.0; -0.0; -779.9
3918.0; 139.802; -0.06099; 1000.0; -0.0; -677.0
3921.0; 139.918; -0.04802; 1000.0; -0.0; -549.0
3924.0; 140.035; -0.03525; 1000.0; -0.0; -411.0
3927.0; 140.150; -0.02453; 1000.0; -0.0; -289.2
3930.0; 140.265; -0.01673; 1000.0; -0.0; -198.4
3933.0; 140.380; -0.01106; 1000.0; -0.0; -131.7
3936.0; 140.494; -0.00695; 1000.0; -0.0; -83.1
3939.0; 140.608; -0.00400; 1000.0; -0.0; -47.9
3942.0; 140.722; -0.00189; 1000.0; -0.0; -22.6
3945.0; 140.835; -0.00040; 1000.0; -0.0; -4.6
3948.0; 140.949; 0.00063; 1000.0; -0.0; 7.9
3951.0; 141.062; 0.00133; 1000.0; -0.0; 16.5
3954.0; 141.174; 0.00178; 1000.0; -0.0; 22.1
3957.0; 141.287; 0.00206; 1000.0; -0.0; 25.6
3960.0; 141.399; 0.00221; 1000.0; -0.0; 27.6
3963.0; 141.511; 0.00227; 1000.0; -0.0; 28.4
3966.0; 141.623; 0.00226; 1000.0; -0.0; 28.4
3969.0; 141.734; 0.00222; 1000.0; -0.0; 27.9
3972.0; 141.846; 0.00214; 1000.0; -0.0; 27.1
3975.0; 141.957; 0.00205; 1000.0; -0.0; 26.0
3978.0; 142.068; 0.00194; 1000.0; -0.0; 24.7
3981.0; 142.178; 0.00184; 1000.0; -0.0; 23.4
3984.0; 142.289; 0.00173; 1000.0; -0.0; 22.1
3987.0; 142.399; 0.00162; 1000.0; -0.0; 20.9
3990.0; 142.509; 0.00153; 1000.0; -0.0; 19.7
3993.0; 142.619; 0.00144; 1000.0; -0.0; 18.6
3996.0; 142.728; 0.00136; 1000.0; -0.0; 17.7
3999.0; 142.838; 0.00130; 1000.0; -0.0; 16.9
4002.0; 142.947; 0.00125; 1000.0; -0.0; 16.3
4005.0; 143.056; 0.00121; 1000.0; -0.0; 15.9
4008.0; 143.164; 0.00119; 1000.0; -0.0; 15.7
4011.0; 143.273; 0.00120; 1000.0; -0.0; 15.8
4014.0; 143.381; 0.00123; 1000.0; -0.0; 16.2
4017.0; 143.489; 0.00128; 1000.0; -0.0; 16.9
4020.0; 143.596; 0.00136; 1000.0; -0.0; 18.1
4023.0; 143.704; 0.00148; 1000.0; -0.0; 19.7
4026.0; 143.811; 0.00163; 1000.0; -0.0; 21.8
4029.0; 143.919; 0.00183; 1000.0; -0.0; 24.5
4032.0; 144.025; 0.00207; 1000.0; -0.0; 27.8
4035.0; 144.132; 0.00238; 1000.0; -0.0; 31.9
4038.0; 144.239; 0.00274; 1000.0; -0.0; 36.9
4041.0; 144.345; 0.00316; 1000.0; -0.0; 42.7
4044.0; 144.451; 0.00366; 1000.0; -0.0; 49.6
4047.0; 144.557; 0.00423; 1000.0; -0.0; 57.4
4050.0; 144.663; 0.00488; 1000.0; -0.0; 66.4
4053.0; 144.769; 0.00560; 1000.0; -0.0; 76.5
4056.0; 144.874; 0.00640; 1000.0; -0.0; 87.6
4059.0; 144.979; 0.00727; 1000.0; -0.0; 99.6
4062.0; 145.084; 0.00818; 1000.0; -0.0; 112.5
4065.0; 145.189; 0.00914; 1000.0; -0.0; 125.8
4068.0; 145.294; 0.01009; 1000.0; -0.0; 139.2
4071.0; 145.398; 0.01101; 1000.0; -0.0; 152.3
4074.0; 145.503; 0.01184; 1000.0; -0.0; 164.2
4077.0; 145.607; 0.01253; 1000.0; -0.0; 174.1
4080.0; 145.711; 0.01299; 1000.0; -0.0; 181.0
4083.0; 145.815; 0.01313; 1000.0; -0.0; 183.5
4086.0; 145.919; 0.01283; 1000.0; -0.0; 180.1
4089.0; 146.022; 0.01198; 1000.0; -0.0; 169.0
4092.0; 146.126; 0.01043; 1000.0; -0.0; 148.1
4095.0; 146.229; 0.00803; 1000.0; -0.0; 115.1
4098.0; 146.332; 0.00461; 1000.0; -0.0; 67.6
4101.0; 146.435; 0.00001; 1000.0; -0.1; 3.0
4104.0; 146.537; -0.00594; 12.1; -1276.3; -80.5
4107.0; 146.640; -0.01339; 3.2; -4681.6; -180.5
4110.0; 146.745; -0.02248; 0.1; -6978.1; -291.8
4113.0; 146.853; -0.03362; 0.0; -6430.0; -413.3
4116.0; 146.964; -0.04947; 0.0; -5608.0; -565.2
4119.0; 147.080; -0.07161; 0.0; -4387.9; -742.8
4122.0; 147.199; -0.09497; 0.0; -3154.3; -876.3
4125.0; 147.323; -0.11401; 0.0; -2360.3; -939.4
4128.0; 147.449; -0.12768; 0.0; -1993.5; -960.4
4131.0; 147.579; -0.13682; 0.0; -1858.7; -964.2
4134.0; 147.712; -0.14301; 0.0; -0.0; -984.6
4137.0; 147.847; -0.14628; 0.0; -0.0; -986.2
4140.0; 147.984; -0.14762; 1000.0; -0.0; -978.1
4143.0; 148.121; -0.14799; 1000.0; -0.0; -978.8
4146.0; 148.258; -0.14789; 1000.0; -0.0; -979.2
4149.0; 148.392; -0.14757; 1000.0; -0.0; -979.4
4152.0; 148.522; -0.14717; 1000.0; -0.0; -979.5
4155.0; 148.649; -0.14675; 1000.0; -0.0; -979.6
4158.0; 148.772; -0.14632; 1000.0; -0.0; -979.6
4161.0; 148.892; -0.14585; 1000.0; -0.0; -979.6
4164.0; 149.012; -0.14524; 1000.0; -0.0; -979.6
4167.0; 149.131; -0.14446; 1000.0; -0.0; -979.5
4170.0; 149.252; -0.14357; 1000.0; -0.0; -979.3
4173.0; 149.375; -0.14256; 1000.0; 0.0; -979.0
4176.0; 149.501; -0.14141; 1000.0; 0.0; -978.6
4179.0; 149.630; -0.14006; 1000.0; 0.0; -977.9
4182.0; 149.761; -0.13842; 1000.0; 0.0; -976.8
4185.0; 149.894; -0.13634; 1000.0; 0.0; -975.0
4188.0; 150.028; -0.13355; 1000.0; 0.0; -971.8
4191.0; 150.162; -0.12954; 1000.0; 0.0; -965.5
4194.0; 150.297; -0.12339; 1000.0; 0.0; -952.1
4197.0; 150.431; -0.11368; 1000.0; 0.0; -920.8
4200.0; 150.564; -0.09869; 1000.0; 0.0; -848.4
4203.0; 150.695; -0.07756; 1000.0; 0.0; -704.7
4206.0; 150.826; -0.05312; 1000.0; 0.0; -497.6
4209.0; 150.954; -0.03261; 1000.0; 0.0; -307.3
4212.0; 151.082; -0.01944; 1000.0; 0.0; -183.4
4215.0; 151.210; -0.01096; 1000.0; 0.0; -103.2
4218.0; 151.337; -0.00554; 1000.0; 0.0; -51.6
4221.0; 151.465; -0.00210; 1000.0; 0.0; -18.6
4224.0; 151.592; 0.00006; 1000.0; 0.0; 2.2
4227.0; 151.719; 0.00137; 1000.0; 0.0; 15.1
4230.0; 151.846; 0.00215; 1000.0; 0.0; 22.8
4233.0; 151.972; 0.00258; 1000.0; 0.0; 27.1
4236.0; 152.099; 0.00279; 1000.0; 0.0; 29.3
4239.0; 152.224; 0.00286; 1000.0; 0.0; 30.1
4242.0; 152.350; 0.00285; 1000.0; 0.0; 30.1
4245.0; 152.474; 0.00278; 1000.0; 0.0; 29.5
4248.0; 152.599; 0.00269; 1000.0; 0.0; 28.7
4251.0; 152.722; 0.00258; 1000.0; 0.0; 27.6
4254.0; 152.846; 0.00246; 1000.0; 0.0; 26.5
4257.0; 152.969; 0.00235; 1000.0; 0.0; 25.4
4260.0; 153.091; 0.00223; 1000.0; 0.0; 24.2
4263.0; 153.214; 0.00212; 1000.0; 0.0; 23.1
4266.0; 153.335; 0.00201; 1000.0; 0.0; 22.0
4269.0; 153.457; 0.00191; 1000.0; 0.0; 21.0
4272.0; 153.578; 0.00181; 1000.0; 0.0; 20.1
4275.0; 153.699; 0.00172; 1000.0; 0.0; 19.1
4278.0; 153.819; 0.00163; 1000.0; 0.0; 18.3
4281.0; 153.939; 0.00155; 1000.0; 0.0; 17.5
4284.0; 154.059; 0.00148; 1000.0; 0.0; 16.7
4287.0; 154.178; 0.00141; 1000.0; 0.0; 16.0
4290.0; 154.297; 0.00134; 1000.0; 0.0; 15.3
4293.0; 154.415; 0.00128; 1000.0; 0.0; 14.7
4296.0; 154.534; 0.00123; 1000.0; 0.0; 14.1
4299.0; 154.652; 0.00117; 1000.0; 0.0; 13.6
4302.0; 154.769; 0.00113; 1000.0; 0.0; 13.1
4305.0; 154.886; 0.00108; 1000.0; 0.0; 12.6
4308.0; 155.003; 0.00104; 1000.0; 0.0; 12.2
4311.0; 155.120; 0.00100; 1000.0; 0.0; 11.8
4314.0; 155.236; 0.00097; 1000.0; 0.0; 11.4
4317.0; 155.352; 0.00094; 1000.0; 0.0; 11.1
4320.0; 155.468; 0.00091; 1000.0; 0.0; 10.8
4323.0; 155.584; 0.00088; 1000.0; 0.0; 10.6
4326.0; 155.699; 0.00086; 1000.0; 0.0; 10.3
4329.0; 155.814; 0.00084; 1000.0; 0.0; 10.1
4332.0; 155.928; 0.00082; 1000.0; 0.0; 9.9
4335.0; 156.043; 0.00081; 1000.0; 0.0; 9.8
4338.0; 156.157; 0.00080; 1000.0; 0.0; 9.7
4341.0; 156.270; 0.00078; 1000.0; 0.0; 9.6
4344.0; 156.384; 0.00078; 1000.0; 0.0; 9.5
4347.0; 156.497; 0.00077; 1000.0; 0.0; 9.5
4350.0; 156.610; 0.00077; 1000.0; 0.0; 9.5
4353.0; 156.723; 0.00077; 1000.0; 0.0; 9.5
4356.0; 156.835; 0.00077; 1000.0; 0.0; 9.6
4359.0; 156.947; 0.00077; 1000.0; 0.0; 9.7
4362.0; 157.059; 0.00078; 1000.0; 0.0; 9.8
4365.0; 157.171; 0.00079; 1000.0; 0.0; 9.9
4368.0; 157.282; 0.00080; 1000.0; 0.0; 10.1
4371.0; 157.393; 0.00081; 1000.0; 0.0; 10.3
4374.0; 157.504; 0.00082; 1000.0; 0.0; 10.5
4377.0; 157.615; 0.00084; 1000.0; 0.0; 10.7
4380.0; 157.725; 0.00086; 1000.0; 0.0; 11.0
4383.0; 157.836; 0.00088; 1000.0; 0.0; 11.3
4386.0; 157.946; 0.00091; 1000.0; 0.0; 11.7
4389.0; 158.055; 0.00093; 1000.0; 0.0; 12.0
4392.0; 158.165; 0.00096; 1000.0; 0.0; 12.5
4395.0; 158.274; 0.00099; 1000.0; 0.0; 12.9
4398.0; 158.383; 0.00103; 1000.0; 0.0; 13.4
4401.0; 158.492; 0.00106; 1000.0; 0.0; 13.9
4404.0; 158.601; 0.00110; 1000.0; 0.0; 14.5
4407.0; 158.709; 0.00115; 1000.0; 0.0; 15.1
4410.0; 158.817; 0.00119; 1000.0; 0.0; 15.8
4413.0; 158.925; 0.00124; 1000.0; 0.0; 16.5
4416.0; 159.033; 0.00130; 1000.0; 0.0; 17.2
4419.0; 159.141; 0.00135; 1000.0; 0.0; 18.0
4422.0; 159.248; 0.00141; 1000.0; 0.0; 18.9
4425.0; 159.355; 0.00148; 1000.0; 0.0; 19.8
4428.0; 159.462; 0.00154; 1000.0; 0.0; 20.7
4431.0; 159.569; 0.00162; 1000.0; 0.0; 21.8
4434.0; 159.676; 0.00169; 1000.0; 0.0; 22.8
4437.0; 159.782; 0.00177; 1000.0; 0.0; 24.0
4440.0; 159.888; 0.00186; 1000.0; -0.0; 25.2
4443.0; 159.994; 0.00195; 1000.0; -0.0; 26.5
4446.0; 160.100; 0.00204; 1000.0; -0.0; 27.9
4449.0; 160.206; 0.00215; 1000.0; -0.0; 29.3
4452.0; 160.311; 0.00225; 1000.0; -0.0; 30.9
4455.0; 160.416; 0.00236; 1000.0; -0.0; 32.5
4458.0; 160.522; 0.00248; 1000.0; -0.0; 34.2
4461.0; 160.626; 0.00261; 1000.0; -0.0; 36.1
4464.0; 160.731; 0.00274; 1000.0; -0.0; 38.0
4467.0; 160.836; 0.00288; 1000.0; -0.0; 40.0
4470.0; 160.940; 0.00303; 1000.0; -0.0; 42.2
4473.0; 161.044; 0.00319; 1000.0; -0.0; 44.4
4476.0; 161.148; 0.00335; 1000.0; -0.0; 46.8
4479.0; 161.252; 0.00352; 1000.0; -0.0; 49.4
4482.0; 161.356; 0.00371; 1000.0; -0.0; 52.1
4485.0; 161.460; 0.00390; 1000.0; -0.0; 54.9
4488.0; 161.563; 0.00410; 1000.0; -0.0; 57.9
4491.0; 161.666; 0.00432; 1000.0; -0.0; 61.0
4494.0; 161.769; 0.00454; 1000.0; -0.0; 64.4
4497.0; 161.872; 0.00478; 1000.0; -0.0; 67.9
4500.0; 161.975; 0.00503; 1000.0; -0.0; 71.6
4503.0; 162.077; 0.00529; 1000.0; -0.0; 75.5
4506.0; 162.180; 0.00557; 1000.0; -0.0; 79.6
4509.0; 162.282; 0.00586; 1000.0; -0.0; 84.0
4512.0; 162.384; 0.00617; 1000.0; -0.0; 88.6
4515.0; 162.485; 0.00650; 1000.0; -0.0; 93.4
4518.0; 162.587; 0.00684; 1000.0; -0.0; 98.5
4521.0; 162.689; 0.00720; 1000.0; -0.0; 103.9
4524.0; 162.790; 0.00757; 1000.0; -0.0; 109.6
4527.0; 162.891; 0.00797; 1000.0; -0.0; 115.5
4530.0; 162.992; 0.00839; 1000.0; -0.0; 121.8
4533.0; 163.093; 0.00882; 1000.0; -0.0; 128.3
4536.0; 163.193; 0.00928; 1000.0; -0.0; 135.2
4539.0; 163.294; 0.00975; 1000.0; -0.0; 142.4
4542.0; 163.394; 0.01025; 1000.0; -0.0; 149.9
4545.0; 163.494; 0.01076; 1000.0; -0.0; 157.6
4548.0; 163.594; 0.01128; 1000.0; -0.0; 165.5
4551.0; 163.694; 0.01180; 1000.0; -0.0; 173.4
4554.0; 163.794; 0.01231; 1000.0; -0.0; 181.2
4557.0; 163.894; 0.01278; 1000.0; -0.0; 188.4
4560.0; 163.993; 0.01317; 1000.0; -0.0; 194.5
4563.0; 164.093; 0.01341; 1000.0; -0.0; 198.6
4566.0; 164.192; 0.01343; 1000.0; -0.0; 199.5
4569.0; 164.291; 0.01321; 1000.0; -0.0; 196.8
4572.0; 164.390; 0.01284; 1000.0; -0.0; 191.9
4575.0; 164.489; 0.01239; 1000.0; -0.0; 185.8
4578.0; 164.588; 0.01190; 1000.0; -0.0; 178.9
4581.0; 164.687; 0.01139; 1000.0; -0.0; 171.7
4584.0; 164.785; 0.01088; 1000.0; -0.0; 164.4
4587.0; 164.884; 0.01038; 1000.0; -0.0; 157.2
4590.0; 164.982; 0.00990; 1000.0; -0.0; 150.2
4593.0; 165.080; 0.00943; 1000.0; -0.0; 143.4
4596.0; 165.178; 0.00898; 1000.0; -0.0; 136.9
4599.0; 165.276; 0.00855; 1000.0; -0.0; 130.6
4602.0; 165.374; 0.00814; 1000.0; -0.0; 124.5
4605.0; 165.472; 0.00775; 1000.0; -0.0; 118.7
4608.0; 165.570; 0.00737; 1000.0; -0.0; 113.2
4611.0; 165.667; 0.00701; 1000.0; -0.0; 107.9
4614.0; 165.765; 0.00667; 1000.0; -0.0; 102.9
4617.0; 165.862; 0.00635; 1000.0; -0.0; 98.1
4620.0; 165.960; 0.00604; 1000.0; -0.0; 93.5
4623.0; 166.057; 0.00575; 1000.0; -0.0; 89.1
4626.0; 166.154; 0.00546; 1000.0; -0.0; 84.9
4629.0; 166.251; 0.00520; 1000.0; -0.0; 80.9
4632.0; 166.348; 0.00494; 1000.0; -0.0; 77.1
4635.0; 166.445; 0.00470; 1000.0; -0.0; 73.4
4638.0; 166.542; 0.00447; 1000.0; -0.0; 70.0
4641.0; 166.638; 0.00425; 1000.0; -0.0; 66.6
4644.0; 166.735; 0.00405; 1000.0; -0.0; 63.5
4647.0; 166.832; 0.00385; 1000.0; -0.0; 60.5
4650.0; 166.928; 0.00366; 1000.0; -0.0; 57.6
4653.0; 167.024; 0.00348; 1000.0; -0.0; 54.9
4656.0; 167.121; 0.00331; 1000.0; -0.0; 52.3
4659.0; 167.217; 0.00315; 1000.0; -0.0; 49.8
4662.0; 167.313; 0.00299; 1000.0; -0.0; 47.4
4665.0; 167.409; 0.00285; 1000.0; -0.0; 45.2
4668.0; 167.505; 0.00271; 1000.0; -0.0; 43.0
4671.0; 167.600; 0.00257; 1000.0; -0.0; 41.0
4674.0; 167.696; 0.00245; 1000.0; -0.0; 39.0
4677.0; 167.791; 0.00233; 1000.0; -0.0; 37.1
4680.0; 167.887; 0.00221; 1000.0; -0.0; 35.4
4683.0; 167.982; 0.00210; 1000.0; -0.0; 33.7
4686.0; 168.077; 0.00200; 1000.0; -0.0; 32.1
4689.0; 168.173; 0.00190; 1000.0; -0.0; 30.5
4692.0; 168.268; 0.00181; 1000.0; -0.0; 29.1
4695.0; 168.363; 0.00172; 1000.0; -0.0; 27.7
4698.0; 168.457; 0.00163; 1000.0; -0.0; 26.4
4701.0; 168.552; 0.00155; 1000.0; -0.0; 25.1
4704.0; 168.647; 0.00148; 1000.0; -0.0; 23.9
4707.0; 168.741; 0.00140; 1000.0; -0.0; 22.7
4710.0; 168.836; 0.00133; 1000.0; -0.0; 21.6
4713.0; 168.930; 0.00127; 1000.0; -0.0; 20.6
4716.0; 169.025; 0.00121; 1000.0; -0.0; 19.6
4719.0; 169.119; 0.00115; 1000.0; -0.0; 18.7
4722.0; 169.213; 0.00109; 1000.0; -0.0; 17.8
4725.0; 169.307; 0.00103; 1000.0; -0.0; 16.9
4728.0; 169.401; 0.00098; 1000.0; -0.0; 16.1
4731.0; 169.495; 0.00093; 1000.0; -0.0; 15.3
4734.0; 169.589; 0.00089; 1000.0; -0.0; 14.6
4737.0; 169.682; 0.00084; 1000.0; -0.0; 13.9
4740.0; 169.776; 0.00080; 1000.0; -0.0; 13.2
4743.0; 169.870; 0.00076; 1000.0; -0.0; 12.6
4746.0; 169.963; 0.00072; 1000.0; -0.0; 11.9
4749.0; 170.056; 0.00069; 1000.0; -0.0; 11.4
4752.0; 170.150; 0.00065; 1000.0; -0.0; 10.8
4755.0; 170.243; 0.00062; 1000.0; -0.0; 10.3
4758.0; 170.336; 0.00059; 1000.0; -0.0; 9.8
4761.0; 170.429; 0.00056; 1000.0; -0.0; 9.3
4764.0; 170.522; 0.00053; 1000.0; -0.0; 8.8
4767.0; 170.615; 0.00051; 1000.0; -0.0; 8.4
4770.0; 170.708; 0.00048; 1000.0; -0.0; 8.0
4773.0; 170.801; 0.00046; 1000.0; -0.0; 7.6
4776.0; 170.893; 0.00043; 1000.0; -0.0; 7.2
4779.0; 170.986; 0.00041; 1000.0; -0.0; 6.9
4782.0; 171.078; 0.00039; 1000.0; -0.0; 6.5
4785.0; 171.171; 0.00037; 1000.0; -0.0; 6.2
4788.0; 171.263; 0.00035; 1000.0; -0.0; 5.9
4791.0; 171.355; 0.00033; 1000.0; -0.0; 5.6
4794.0; 171.448; 0.00032; 1000.0; -0.0; 5.3
4797.0; 171.540; 0.00030; 1000.0; -0.0; 5.1
4800.0; 171.632; 0.00028; 1000.0; -0.0; 4.8
4803.0; 171.724; 0.00027; 1000.0; -0.0; 4.6
4806.0; 171.816; 0.00026; 1000.0; -0.0; 4.3
4809.0; 171.908; 0.00024; 1000.0; -0.0; 4.1
4812.0; 172.000; 0.00023; 1000.0; -0.0; 3.9
4815.0; 172.091; 0.00022; 1000.0; -0.0; 3.7
4818.0; 172.183; 0.00021; 1000.0; -0.0; 3.5
4821.0; 172.274; 0.00020; 1000.0; -0.0; 3.3
4824.0; 172.366; 0.00019; 1000.0; -0.0; 3.2
4827.0; 172.457; 0.00018; 1000.0; -0.0; 3.0
4830.0; 172.549; 0.00017; 1000.0; -0.0; 2.9
4833.0; 172.640; 0.00016; 1000.0; -0.0; 2.7
4836.0; 172.731; 0.00015; 1000.0; -0.0; 2.6
4839.0; 172.823; 0.00014; 1000.0; -0.0; 2.4
4842.0; 172.914; 0.00013; 1000.0; -0.0; 2.3
4845.0; 173.005; 0.00013; 1000.0; -0.0; 2.2
4848.0; 173.096; 0.00012; 1000.0; -0.0; 2.1
4851.0; 173.187; 0.00011; 1000.0; -0.0; 2.0
4854.0; 173.278; 0.00011; 1000.0; -0.0; 1.9
4857.0; 173.368; 0.00010; 1000.0; -0.0; 1.8
4860.0; 173.459; 0.00010; 1000.0; -0.0; 1.7
4863.0; 173.550; 0.00009; 1000.0; -0.0; 1.6
4866.0; 173.640; 0.00009; 1000.0; -0.0; 1.5
4869.0; 173.731; 0.00008; 1000.0; -0.0; 1.4
4872.0; 173.821; 0.00008; 1000.0; -0.0; 1.4
4875.0; 173.912; 0.00007; 1000.0; -0.0; 1.3
4878.0; 174.002; 0.00007; 1000.0; -0.0; 1.2
4881.0; 174.093; 0.00007; 1000.0; -0.0; 1.1
4884.0; 174.183; 0.00006; 1000.0; -0.0; 1.1
4887.0; 174.273; 0.00006; 1000.0; -0.0; 1.0
4890.0; 174.363; 0.00006; 1000.0; -0.0; 1.0
4893.0; 174.453; 0.00005; 1000.0; -0.0; 0.9
4896.0; 174.543; 0.00005; 1000.0; -0.0; 0.9
4899.0; 174.633; 0.00005; 1000.0; -0.0; 0.8
4902.0; 174.723; 0.00004; 1000.0; -0.0; 0.8
4905.0; 174.813; 0.00004; 1000.0; -0.0; 0.7
4908.0; 174.903; 0.00004; 1000.0; -0.0; 0.7
4911.0; 174.992; 0.00004; 1000.0; -0.0; 0.7
4914.0; 175.082; 0.00004; 1000.0; -0.0; 0.6
4917.0; 175.172; 0.00003; 1000.0; -0.0; 0.6
4920.0; 175.261; 0.00003; 1000.0; -0.0; 0.6
4923.0; 175.351; 0.00003; 1000.0; -0.0; 0.5
4926.0; 175.440; 0.00003; 1000.0; -0.0; 0.5
4929.0; 175.530; 0.00003; 1000.0; -0.0; 0.5
4932.0; 175.619; 0.00003; 1000.0; -0.0; 0.4
4935.0; 175.708; 0.00002; 1000.0; -0.0; 0.4
4938.0; 175.797; 0.00002; 1000.0; -0.0; 0.4
4941.0; 175.887; 0.00002; 1000.0; -0.0; 0.4
4944.0; 175.976; 0.00002; 1000.0; -0.0; 0.4
4947.0; 176.065; 0.00002; 1000.0; -0.0; 0.3
4950.0; 176.154; 0.00002; 1000.0; -0.0; 0.3
4953.0; 176.243; 0.00002; 1000.0; -0.0; 0.3
4956.0; 176.332; 0.00002; 1000.0; -0.0; 0.3
4959.0; 176.421; 0.00002; 1000.0; -0.0; 0.3
4962.0; 176.509; 0.00001; 1000.0; -0.0; 0.3
4965.0; 176.598; 0.00001; 1000.0; -0.0; 0.2
4968.0; 176.687; 0.00001; 1000.0; -0.0; 0.2
4971.0; 176.776; 0.00001; 1000.0; -0.0; 0.2
4974.0; 176.864; 0.00001; 1000.0; -0.0; 0.2
4977.0; 176.953; 0.00001; 1000.0; -0.0; 0.2
4980.0; 177.041; 0.00001; 1000.0; -0.0; 0.2
4983.0; 177.130; 0.00001; 1000.0; -0.0; 0.2
4986.0; 177.218; 0.00001; 1000.0; -0.0; 0.2
4989.0; 177.307; 0.00001; 1000.0; -0.0; 0.2
4992.0; 177.395; 0.00001; 1000.0; -0.0; 0.2
4995.0; 177.483; 0.00001; 1000.0; -0.0; 0.2
4998.0; 177.571; 0.00001; 1000.0; -0.0; 0.1
5001.0; 177.660; 0.00001; 1000.0; -0.0; 0.1
5004.0; 177.748; 0.00001; 1000.0; -0.0; 0.1
5007.0; 177.836; 0.00001; 1000.0; -0.0; 0.1
5010.0; 177.924; 0.00001; 1000.0; -0.0; 0.1
5013.0; 178.012; 0.00001; 1000.0; -0.0; 0.1
5016.0; 178.100; 0.00001; 1000.0; -0.0; 0.1
5019.0; 178.188; 0.00001; 1000.0; -0.0; 0.1
5022.0; 178.276; 0.00001; 1000.0; -0.0; 0.1
5025.0; 178.364; 0.00001; 1000.0; -0.0; 0.1
5028.0; 178.451; 0.00001; 1000.0; -0.0; 0.1
5031.0; 178.539; 0.00001; 1000.0; -0.0; 0.1
5034.0; 178.627; 0.00001; 1000.0; -0.0; 0.1
5037.0; 178.714; 0.00001; 1000.0; -0.0; 0.1
5040.0; 178.802; 0.00000; 1000.0; -0.0; 0.1
5043.0; 178.890; 0.00000; 1000.0; -0.0; 0.1
5046.0; 178.977; 0.00000; 1000.0; -0.0; 0.0
5049.0; 179.065; 0.00000; 1000.0; -0.0; 0.0
5052.0; 179.152; -0.00000; 1000.0; -0.0; -0.0
5055.0; 179.239; -0.00001; 1000.0; -0.0; -0.1
5058.0; 179.327; -0.00001; 1000.0; -0.0; -0.2
5061.0; 179.414; -0.00002; 1000.0; -0.0; -0.3
5064.0; 179.501; -0.00002; 1000.0; -0.0; -0.4
5067.0; 179.589; -0.00003; 1000.0; -0.0; -0.6
5070.0; 179.676; -0.00005; 1000.0; -0.0; -0.8
5073.0; 179.763; -0.00006; 1000.0; -0.0; -1.1
5076.0; 179.850; -0.00008; 1000.0; -0.0; -1.5
5079.0; 179.937; -0.00011; 1000.0; -0.0; -1.9
5082.0; 180.024; -0.00014; 1000.0; -0.0; -2.5
5085.0; 180.111; -0.00018; 1000.0; -0.0; -3.2
5088.0; 180.198; -0.00023; 1000.0; -0.0; -4.0
5091.0; 180.285; -0.00029; 1000.0; -0.0; -5.0
5094.0; 180.372; -0.00036; 1000.0; -0.0; -6.2
5097.0; 180.459; -0.00044; 1000.0; -0.0; -7.7
5100.0; 180.546; -0.00054; 1000.0; -0.0; -9.5
5103.0; 180.632; -0.00066; 1000.0; -0.0; -11.5
5106.0; 180.719; -0.00079; 1000.0; -0.0; -14.0
5109.0; 180.806; -0.00096; 1000.0; -0.0; -16.9
5112.0; 180.892; -0.00114; 1000.0; -0.0; -20.2
5115.0; 180.979; -0.00136; 1000.0; -0.0; -24.0
5118.0; 181.066; -0.00160; 1000.0; -0.0; -28.4
5121.0; 181.152; -0.00188; 1000.0; -0.0; -33.3
5124.0; 181.239; -0.00219; 1000.0; -0.0; -38.9
5127.0; 181.325; -0.00253; 1000.0; -0.0; -45.0
5130.0; 181.412; -0.00290; 1000.0; -0.0; -51.8
5133.0; 181.498; -0.00330; 1000.0; -0.0; -59.0
5136.0; 181.584; -0.00372; 1000.0; -0.0; -66.6
5139.0; 181.671; -0.00416; 1000.0; -0.0; -74.6
5142.0; 181.757; -0.00460; 1000.0; -0.0; -82.6
5145.0; 181.843; -0.00502; 1000.0; -0.0; -90.4
5148.0; 181.930; -0.00542; 1000.0; -0.0; -97.7
5151.0; 182.016; -0.00576; 1000.0; -0.0; -104.1
5154.0; 182.102; -0.00601; 1000.0; -0.0; -109.1
5157.0; 182.188; -0.00615; 1000.0; -0.0; -112.1
5160.0; 182.274; -0.00614; 1000.0; -0.0; -112.5
5163.0; 182.361; -0.00593; 1000.0; -0.1; -109.4
5166.0; 182.447; -0.00549; 25.3; -465.8; -102.4
5169.0; 182.533; -0.00475; 4.0; -3302.9; -89.6
5172.0; 182.620; -0.00369; 2.1; -6266.2; -70.6
5175.0; 182.708; -0.00228; 0.1; -7967.7; -45.4
5178.0; 182.799; -0.00076; 0.0; -7966.9; -18.3
5181.0; 182.892; 0.00023; 0.0; -7946.5; 0.0
5184.0; 182.989; 0.00297; 0.0; -7814.9; 40.5
5187.0; 183.089; 0.00889; 0.0; -7574.4; 121.1
5190.0; 183.192; 0.01916; 0.0; -7131.7; 250.9
5193.0; 183.299; 0.03543; 0.0; -6330.8; 436.3
5196.0; 183.410; 0.05971; 0.0; -4961.4; 670.9
5199.0; 183.524; 0.08574; 0.0; -3462.4; 853.1
5202.0; 183.642; 0.10666; 0.0; -2475.9; 938.4
5205.0; 183.762; 0.12132; 0.0; -2026.9; 966.5
5208.0; 183.886; 0.13077; 0.0; -1870.6; 971.9
5211.0; 184.013; 0.13697; 0.0; -0.0; 991.0
5214.0; 184.143; 0.14002; 0.0; -0.0; 992.5
5217.0; 184.274; 0.14120; 999.9; -0.0; 984.3
5220.0; 184.405; 0.14150; 1000.0; -0.0; 984.8
5223.0; 184.536; 0.14141; 1000.0; -0.0; 985.2
5226.0; 184.666; 0.14112; 1000.0; -0.0; 985.4
5229.0; 184.793; 0.14077; 1000.0; -0.0; 985.5
5232.0; 184.916; 0.14040; 1000.0; -0.0; 985.5
5235.0; 185.032; 0.13999; 1000.0; -0.0; 985.5
5238.0; 185.141; 0.13946; 1000.0; -0.0; 985.5
5241.0; 185.250; 0.13877; 1000.0; -0.0; 985.4
5244.0; 185.365; 0.13794; 1000.0; -0.0; 985.3
5247.0; 185.488; 0.13694; 1000.0; 0.0; 985.0
5250.0; 185.617; 0.13574; 1000.0; 0.0; 984.5
5253.0; 185.747; 0.13425; 1000.0; 0.0; 983.7
5256.0; 185.878; 0.13229; 1000.0; 0.0; 982.2
5259.0; 186.008; 0.12947; 1000.0; 0.0; 979.4
5262.0; 186.138; 0.12500; 1000.0; 0.0; 973.0
5265.0; 186.267; 0.11735; 1000.0; 0.0; 956.0
5268.0; 186.394; 0.10386; 1000.0; 0.0; 906.2
5271.0; 186.520; 0.08093; 1000.0; 0.0; 766.2
5274.0; 186.645; 0.04648; 1000.0; 0.0; 462.0
5277.0; 186.769; 0.00555; 1000.0; 0.0; 35.7
5280.0; 186.892; -0.02784; 1000.0; 0.0; -313.3
5283.0; 187.015; -0.04844; 1000.0; 0.0; -511.4
5286.0; 187.137; -0.06080; 1000.0; 0.0; -622.2
5289.0; 187.258; -0.06813; 1000.0; 0.0; -684.9
5292.0; 187.378; -0.07239; 1000.0; 0.0; -720.8
5295.0; 187.498; -0.07481; 1000.0; 0.0; -741.4
5298.0; 187.618; -0.07613; 1000.0; 0.0; -753.3
5301.0; 187.737; -0.07683; 1000.0; 0.0; -760.5
5304.0; 187.856; -0.07721; 1000.0; 0.0; -765.1
5307.0; 187.975; -0.07742; 1000.0; 0.0; -768.4
5310.0; 188.093; -0.07757; 1000.0; 0.0; -771.3
5313.0; 188.211; -0.07771; 1000.0; 0.0; -774.1
5316.0; 188.329; -0.07788; 1000.0; 0.0; -777.1
5319.0; 188.447; -0.07809; 1000.0; 0.0; -780.4
5322.0; 188.565; -0.07836; 1000.0; 0.0; -784.0
5325.0; 188.682; -0.07868; 1000.0; 0.0; -788.1
5328.0; 188.800; -0.07905; 1000.0; 0.0; -792.4
5331.0; 188.917; -0.07948; 1000.0; 0.0; -797.1
5334.0; 189.033; -0.07994; 1000.0; 0.0; -802.0
5337.0; 189.150; -0.08043; 1000.0; 0.0; -807.1
5340.0; 189.266; -0.08094; 1000.0; 0.0; -812.2
5343.0; 189.383; -0.08142; 1000.0; 0.0; -817.1
5346.0; 189.499; -0.08184; 1000.0; 0.0; -821.4
5349.0; 189.614; -0.08210; 1000.0; 0.0; -824.6
5352.0; 189.730; -0.08206; 1000.0; 0.0; -825.7
5355.0; 189.845; -0.08145; 1000.0; 0.0; -822.8
5358.0; 189.960; -0.07990; 1000.0; 0.0; -813.1
5361.0; 190.075; -0.07726; 1000.0; 0.0; -795.0
5364.0; 190.189; -0.07359; 1000.0; 0.0; -768.0
5367.0; 190.303; -0.06865; 1000.0; 0.0; -728.6
5370.0; 190.417; -0.06234; 1000.0; 0.0; -674.2
5373.0; 190.531; -0.05489; 1000.0; 0.0; -604.8
5376.0; 190.645; -0.04642; 1000.0; 0.0; -520.4
5379.0; 190.758; -0.03707; 1000.0; 0.0; -421.6
5382.0; 190.871; -0.02696; 1000.0; 0.0; -309.8
5385.0; 190.985; -0.01626; 1000.0; 0.0; -187.2
5388.0; 191.098; -0.00516; 1000.0; 0.0; -57.2
5391.0; 191.213; 0.00614; 1000.0; 0.0; 76.4
5394.0; 191.328; 0.01738; 1000.0; 0.0; 209.2
5397.0; 191.444; 0.02831; 1000.0; 0.0; 336.4
5400.0; 191.562; 0.03864; 1000.0; 0.0; 453.4
5403.0; 191.681; 0.04812; 1000.0; 0.0; 556.2
5406.0; 191.798; 0.05654; 1000.0; 0.0; 642.7
5409.0; 191.914; 0.06381; 1000.0; 0.0; 712.4
5412.0; 192.025; 0.06990; 1000.0; 0.0; 766.6
5415.0; 192.134; 0.07484; 1000.0; 0.0; 807.5
5418.0; 192.239; 0.07863; 1000.0; 0.0; 836.9
5421.0; 192.343; 0.08116; 1000.0; 0.0; 855.8
5424.0; 192.446; 0.08213; 1000.0; 0.0; 863.6
5427.0; 192.550; 0.08173; 1000.0; 0.0; 862.2
5430.0; 192.655; 0.08053; 1000.0; 0.0; 855.3
5433.0; 192.762; 0.07885; 1000.0; 0.0; 844.7
5436.0; 192.870; 0.07685; 1000.0; 0.0; 831.3
5439.0; 192.979; 0.07461; 1000.0; 0.0; 815.5
5442.0; 193.090; 0.07218; 1000.0; 0.0; 797.5
5445.0; 193.202; 0.06960; 1000.0; 0.0; 777.5
5448.0; 193.314; 0.06688; 1000.0; 0.0; 755.4
5451.0; 193.428; 0.06403; 1000.0; 0.0; 731.3
5454.0; 193.541; 0.06107; 1000.0; 0.0; 705.2
5457.0; 193.654; 0.05802; 1000.0; 0.0; 677.1
5460.0; 193.767; 0.05487; 1000.0; 0.0; 647.2
5463.0; 193.880; 0.05164; 1000.0; 0.0; 615.3
5466.0; 193.993; 0.04835; 1000.0; 0.0; 581.7
5469.0; 194.105; 0.04499; 1000.0; 0.0; 546.4
5472.0; 194.217; 0.04158; 1000.0; 0.0; 509.6
5475.0; 194.328; 0.03814; 1000.0; 0.0; 471.4
5478.0; 194.440; 0.03466; 1000.0; 0.0; 431.8
5481.0; 194.551; 0.03116; 1000.0; 0.0; 391.2
5484.0; 194.662; 0.02765; 1000.0; 0.0; 349.6
5487.0; 194.772; 0.02415; 1000.0; 0.0; 307.4
5490.0; 194.882; 0.02067; 1000.0; 0.0; 264.8
5493.0; 194.992; 0.01724; 1000.0; 0.0; 222.2
5496.0; 195.102; 0.01391; 1000.0; 0.0; 180.2
5499.0; 195.211; 0.01074; 1000.0; 0.0; 139.8
5502.0; 195.320; 0.00782; 1000.0; 0.0; 102.3
5505.0; 195.429; 0.00530; 1000.0; 0.0; 69.8
5508.0; 195.538; 0.00346; 1000.0; 0.0; 45.7
5511.0; 195.646; 0.00230; 1000.0; 0.0; 30.5
5514.0; 195.754; 0.00157; 1000.0; 0.0; 21.0
5517.0; 195.862; 0.00112; 1000.0; 0.0; 14.9
5520.0; 195.970; 0.00082; 1000.0; 0.0; 11.0
5523.0; 196.077; 0.00064; 1000.0; 0.0; 8.5
5526.0; 196.185; 0.00051; 1000.0; 0.0; 6.9
5529.0; 196.292; 0.00043; 1000.0; 0.0; 5.8
5532.0; 196.398; 0.00037; 1000.0; 0.0; 5.0
5535.0; 196.505; 0.00033; 1000.0; 0.0; 4.5
5538.0; 196.611; 0.00030; 1000.0; 0.0; 4.1
5541.0; 196.718; 0.00028; 1000.0; 0.0; 3.8
5544.0; 196.824; 0.00026; 1000.0; 0.0; 3.5
5547.0; 196.930; 0.00024; 1000.0; 0.0; 3.3
5550.0; 197.035; 0.00023; 1000.0; 0.0; 3.1
5553.0; 197.141; 0.00022; 1000.0; 0.0; 3.0
5556.0; 197.246; 0.00021; 1000.0; 0.0; 2.8
5559.0; 197.351; 0.00019; 1000.0; 0.0; 2.7
5562.0; 197.456; 0.00018; 1000.0; 0.0; 2.6
5565.0; 197.561; 0.00018; 1000.0; 0.0; 2.4
5568.0; 197.666; 0.00017; 1000.0; 0.0; 2.3
5571.0; 197.770; 0.00016; 1000.0; 0.0; 2.2
5574.0; 197.875; 0.00015; 1000.0; -0.0; 2.1
5577.0; 197.979; 0.00014; 1000.0; -0.0; 2.0
5580.0; 198.083; 0.00014; 1000.0; -0.0; 1.9
5583.0; 198.187; 0.00013; 1000.0; -0.0; 1.8
5586.0; 198.290; 0.00012; 1000.0; -0.0; 1.7
5589.0; 198.394; 0.00012; 1000.0; -0.0; 1.7
5592.0; 198.497; 0.00011; 1000.0; -0.0; 1.6
5595.0; 198.600; 0.00011; 1000.0; -0.0; 1.5
5598.0; 198.703; 0.00010; 1000.0; -0.0; 1.4
5601.0; 198.806; 0.00010; 1000.0; -0.0; 1.4
5604.0; 198.909; 0.00009; 1000.0; -0.0; 1.3
5607.0; 199.011; 0.00009; 1000.0; -0.0; 1.2
5610.0; 199.114; 0.00008; 1000.0; -0.0; 1.2
5613.0; 199.216; 0.00008; 1000.0; -0.0; 1.1
5616.0; 199.318; 0.00007; 1000.0; -0.0; 1.1
5619.0; 199.420; 0.00007; 1000.0; -0.0; 1.0
5622.0; 199.522; 0.00007; 1000.0; -0.0; 1.0
5625.0; 199.624; 0.00006; 1000.0; -0.0; 0.9
5628.0; 199.725; 0.00006; 1000.0; -0.0; 0.9
5631.0; 199.826; 0.00006; 1000.0; -0.0; 0.8
5634.0; 199.928; 0.00006; 1000.0; -0.0; 0.8
5637.0; 200.029; 0.00005; 1000.0; -0.0; 0.8
5640.0; 200.130; 0.00005; 1000.0; -0.0; 0.7
5643.0; 200.230; 0.00005; 1000.0; -0.0; 0.7
5646.0; 200.331; 0.00005; 1000.0; -0.0; 0.7
5649.0; 200.432; 0.00004; 1000.0; -0.0; 0.6
5652.0; 200.532; 0.00004; 1000.0; -0.0; 0.6
5655.0; 200.632; 0.00004; 1000.0; -0.0; 0.6
5658.0; 200.732; 0.00004; 1000.0; -0.0; 0.6
5661.0; 200.832; 0.00004; 1000.0; -0.0; 0.5
5664.0; 200.932; 0.00003; 1000.0; -0.0; 0.5
5667.0; 201.032; 0.00003; 1000.0; -0.0; 0.5
5670.0; 201.131; 0.00003; 1000.0; -0.0; 0.5
5673.0; 201.231; 0.00003; 1000.0; -0.0; 0.4
5676.0; 201.330; 0.00003; 1000.0; -0.0; 0.4
5679.0; 201.429; 0.00003; 1000.0; -0.0; 0.4
5682.0; 201.528; 0.00002; 1000.0; -0.0; 0.4
5685.0; 201.627; 0.00002; 1000.0; -0.0; 0.4
5688.0; 201.726; 0.00002; 1000.0; -0.0; 0.3
5691.0; 201.825; 0.00002; 1000.0; -0.0; 0.3
5694.0; 201.923; 0.00002; 1000.0; -0.0; 0.3
5697.0; 202.022; 0.00002; 1000.0; -0.0; 0.3
5700.0; 202.120; 0.00002; 1000.0; -0.0; 0.3
5703.0; 202.218; 0.00002; 1000.0; -0.0; 0.3
5706.0; 202.316; 0.00002; 1000.0; -0.0; 0.3
5709.0; 202.414; 0.00002; 1000.0; -0.0; 0.2
5712.0; 202.512; 0.00002; 1000.0; -0.0; 0.2
5715.0; 202.610; 0.00001; 1000.0; -0.0; 0.2
5718.0; 202.707; 0.00001; 1000.0; -0.0; 0.2
5721.0; 202.805; 0.00001; 1000.0; -0.0; 0.2
5724.0; 202.902; 0.00001; 1000.0; -0.0; 0.2
5727.0; 203.000; 0.00001; 1000.0; -0.0; 0.2
5730.0; 203.097; 0.00001; 1000.0; -0.0; 0.2
5733.0; 203.194; 0.00001; 1000.0; -0.0; 0.2
5736.0; 203.291; 0.00001; 1000.0; -0.0; 0.2
5739.0; 203.388; 0.00001; 1000.0; -0.0; 0.2
5742.0; 203.484; 0.00001; 1000.0; -0.0; 0.1
5745.0; 203.581; 0.00001; 1000.0; -0.0; 0.1
5748.0; 203.677; 0.00001; 1000.0; -0.0; 0.1
5751.0; 203.774; 0.00001; 1000.0; -0.0; 0.1
5754.0; 203.870; 0.00001; 1000.0; -0.0; 0.1
5757.0; 203.966; 0.00001; 1000.0; -0.0; 0.1
5760.0; 204.062; 0.00001; 1000.0; -0.0; 0.1
5763.0; 204.158; 0.00001; 1000.0; -0.0; 0.1
5766.0; 204.254; 0.00001; 1000.0; -0.0; 0.1
5769.0; 204.350; 0.00001; 1000.0; -0.0; 0.1
5772.0; 204.446; 0.00001; 1000.0; -0.0; 0.1
5775.0; 204.541; 0.00001; 1000.0; -0.0; 0.1
5778.0; 204.637; 0.00001; 1000.0; -0.0; 0.1
5781.0; 204.732; 0.00000; 1000.0; -0.0; 0.1
5784.0; 204.828; 0.00000; 1000.0; -0.0; 0.1
5787.0; 204.923; 0.00000; 1000.0; -0.0; 0.1
5790.0; 205.018; 0.00000; 1000.0; -0.0; 0.1
